ステータス,個体識別番号,生年月日,導入日,市場,コメント,落札金額,購買日,導入時,牛舎,オメガ開始日,屠畜日,行先,出荷時体重,枝重,単価,注意,注視
淘汰,1634161730,R3.6.25,2024/6/19,中標津,,"170,000 ",2024/6/24,,,,2025/4/9,,,,,,
出荷,1423522032,R2.8.11,2024/12/18,旭川,,,2024/12/23,690 ,,2025/1/6,2025/4/17,中部・西,790 ,445 ,830 ,,
出荷,1609513144,R4.8.23,2024/9/25,中標津,,,2024/9/30,545 ,,2024/10/2,2025/4/14,東日本,660 ,306 ,830 ,,
出荷,1665751986,R4.10.1,2024/9/26,大楽毛,,,2024/9/30,550 ,,2024/10/3,2025/5/29,中部・西,670 ,332 ,830 ,,
出荷,1562213655,R3.10.24,2024/10/9,中標津,,,2024/10/15,580 ,,,2025/4/21,東日本,665 ,307 ,830 ,,
出荷,1548410849,H30.7.11,2024/11/27,中標津,,,2024/12/2,610 ,,2024/12/24,2025/4/1,東・西,775 ,355 ,830 ,,
出荷,1446812998,H28.6.14,2024/11/27,中標津,,,2024/12/2,600 ,,2024/12/2,2025/4/10,中部・西,750 ,356 ,830 ,,
出荷,1534911862,H30.1.14,2024/12/4,中標津,,,2024/12/9,660 ,,2024/12/24,2025/4/1,東・西,745 ,367 ,830 ,,
出荷,1601608787,R2.4.15,2024/12/4,中標津,,,2024/12/9,660 ,,2024/12/21,2025/4/3,中部・西,780 ,398 ,830 ,,
出荷,1493907906,H28.1.14,2024/12/4,中標津,,,2024/12/9,670 ,,2024/12/21,2025/4/3,中部・西,775 ,409 ,830 ,,
出荷,1563389380,H30.6.22,2025/1/15,中標津,,,2025/1/20,665 ,,2025/1/21,2025/4/21,東日本,740 ,370 ,830 ,,
出荷,1408145843,R2.10.19,2024/12/4,中標津,,,2024/12/9,595 ,,2024/12/21,2025/4/3,中部・西,715 ,353 ,830 ,,
出荷,1576011063,H31.2.19,2024/12/4,旭川,,,2024/12/9,600 ,,2025/1/6,2025/4/7,東日本,740 ,351 ,830 ,,
出荷,1619909890,R2.5.10,2024/12/10,幕別,,,2024/12/27,600 ,,2025/1/6,2025/4/15,東・西,770 ,390 ,830 ,,
出荷,1386197858,R3.8.12,2024/12/11,中標津,,,2024/12/16,620 ,,2024/12/21,2025/4/8,東・西,770 ,392 ,830 ,,
出荷,1413320051,R3.5.22,2025/1/15,中標津,,,2025/1/20,690 ,,2025/1/21,2025/4/21,東日本,815 ,408 ,830 ,,
出荷,1629310136,R2.12.16,2025/1/8,中標津,,,2025/1/14,785 ,,2025/1/21,2025/4/23,中部・西,890 ,463 ,830 ,,
出荷,1595109741,H31.4.15,2024/12/11,旭川,,,2024/12/16,650 ,,2025/1/6,2025/4/14,東日本,690 ,318 ,830 ,,
出荷,1372567078,R4.7.5,2024/12/11,中標津,,,2024/12/16,560 ,,2024/12/21,2025/4/14,東日本,690 ,338 ,830 ,,
出荷,1482328149,R3.10.19,2024/12/11,中標津,,,2024/12/16,610 ,,2024/12/21,2025/4/15,東日本,705 ,362 ,830 ,,
出荷,1466715408,R1.12.25,2024/12/17,豊富,,,2024/12/23,665 ,,2024/12/24,2025/4/8,東・西,795 ,384 ,830 ,,
出荷,1422306800,H25.4.22,2024/12/17,豊富,,,2024/12/23,670 ,,2025/1/6,2025/4/15,東・西,740 ,346 ,830 ,,
出荷,0864134040,H28.11.4,2024/12/18,中標津,,,2024/12/23,570 ,,2025/1/6,2025/4/7,東日本,680 ,301 ,830 ,,
出荷,1612109921,R2.7.29,2024/12/18,旭川,,,2024/12/23,630 ,,2024/12/24,2025/4/10,中部・西,735 ,351 ,830 ,,
出荷,1387365447,R3.8.7,2024/12/18,中標津,,,2024/12/23,560 ,,2024/12/24,2025/4/10,中部・西,700 ,358 ,830 ,,
出荷,1608511639,R2.12.31,2024/12/18,中標津,,,2024/12/23,600 ,,2025/1/6,2025/4/10,中部・西,740 ,366 ,830 ,,
出荷,1374248142,R1.7.15,2024/12/18,中標津,,,2024/12/23,620 ,,2025/1/6,2025/4/15,東・西,775 ,374 ,830 ,,
出荷,1599514282,R4.10.6,2025/1/15,旭川,,,2025/1/20,545 ,,2025/1/21,2025/4/24,,705 ,346 ,830 ,,
出荷,1393335229,R3.3.5,2024/12/19,大楽毛,,,2024/12/27,655 ,,2025/1/6,2025/4/14,東・西,685 ,321 ,830 ,,
出荷,1540914536,R4.1.5,2024/12/20,幕別,,,2024/12/27,575 ,,2025/1/6,2025/4/7,東日本,670 ,339 ,830 ,,
出荷,0867846711,H31.4.15,2024/12/25,中標津,,,2024/12/27,650 ,,2025/1/6,2025/4/17,中部・西,790 ,398 ,830 ,,
出荷,1570600768,H30.3.16,2024/12/25,中標津,,,2024/12/27,700 ,,2025/1/6,2025/4/17,中部・西,815 ,398 ,830 ,,
出荷,1514416325,R3.10.16,2025/1/8,旭川,,,2025/1/14,615 ,,2025/1/21,2025/5/8,中部・西,795 ,407 ,830 ,,
出荷,1443014333,H29.11.29,2025/1/8,中標津,,,2025/1/14,735 ,,2025/1/31,2025/5/8,中部・西,730 ,388 ,830 ,,
出荷,0865459906,H30.12.4,2025/1/8,中標津,,,2025/1/14,720 ,,2025/1/21,2025/4/23,中部・西,810 ,405 ,830 ,,
出荷,1440523883,R3.7.12,2024/9/25,中標津,,,2024/9/30,555 ,,,2025/5/12,東日本,650 ,314 ,830 ,,
出荷,1364245816,R3.5.7,2025/1/8,中標津,,,2025/1/14,585 ,,2025/1/21,2025/4/24,,670 ,338 ,830 ,,
出荷,1665783970,R4.8.20,2025/1/23,紋別,,,2025/1/27,510 ,,2025/1/31,2025/5/12,東日本,655 ,321 ,830 ,,
出荷,1655395855,R4.4.29,2025/1/29,幕別,,,2025/2/10,575 ,,2025/2/8,2025/5/12,東日本,650 ,343 ,830 ,,
出荷,1610710822,R2.4.6,2025/1/15,中標津,,,2025/1/20,630 ,,2025/1/31,2025/5/8,中部・西,730 ,371 ,830 ,,
出荷,1499314135,R2.10.31,2024/12/11,旭川,,,2024/12/16,590 ,,2024/12/24,2025/5/13,東日本,655 ,302 ,830 ,,
出荷,0869817757,R4.3.30,2025/1/22,旭川,,,2025/1/27,575 ,,2025/1/31,2025/5/7,東日本,675 ,325 ,830 ,,
出荷,1592909665,R1.9.14,2025/1/22,旭川,,,2025/1/27,630 ,,2025/1/31,2025/5/8,中部・西,790 ,355 ,830 ,,
出荷,1533414012,R4.2.25,2025/1/22,旭川,,,2025/1/27,630 ,,2025/1/31,2025/5/13,東日本,700 ,371 ,830 ,,
出荷,1551105657,R3.2.26,2025/1/22,中標津,,,2025/1/27,605 ,,2025/1/31,2025/5/7,東日本,680 ,333 ,830 ,,
出荷,1406161746,H30.2.8,2025/1/22,中標津,,,2025/1/27,650 ,,2025/1/31,2025/5/13,東日本,705 ,355 ,830 ,,
出荷,1388649577,R3.2.26,2025/1/24,幕別,,,2025/2/10,625 ,,2025/1/29,2025/5/13,東・西,705 ,353 ,830 ,,
出荷,1478606428,H30.3.21,2024/12/11,旭川,,,2024/12/16,565 ,,2024/12/21,2025/5/15,中部・西,645 ,309 ,830 ,,
出荷,1454517687,H29.9.2,2025/2/5,中標津,,,2025/2/10,745 ,,2025/2/15,2025/5/15,中部・西,720 ,343 ,830 ,,
出荷,1462718892,R4.10.19,2025/1/24,幕別,,"173,000 ",2025/2/10,530 ,,2025/1/29,2025/6/2,東日本,665 ,346 ,830 ,,
出荷,1432425966,R4.1.19,2025/2/6,紋別,,,2025/2/10,620 ,,2025/2/13,2025/5/15,中部・西,830 ,408 ,830 ,,
出荷,1467478371,R3.10.22,2025/2/12,中標津,,,2025/2/17,570 ,,2025/2/22,2025/5/27,東・西,665 ,335 ,850 ,,
出荷,1555876515,H30.3.20,2025/2/12,中標津,,,2025/2/17,640 ,,2025/2/22,2025/5/29,中部・西,795 ,384 ,830 ,,
出荷,1516292620,R3.8.9,2025/1/23,大楽毛,,"141,000 ",2025/1/27,605 ,,2025/1/31,2025/6/2,東日本,675 ,361 ,830 ,,
出荷,1574711019,R1.12.6,2025/2/21,幕別,,"175,000 ",2025/3/3,630 ,,2025/3/4,2025/6/2,東日本,805 ,396 ,830 ,,
出荷,1395724236,R2.12.11,2025/2/26,中標津,,"178,000 ",2025/3/3,615 ,,2025/3/4,2025/6/2,東日本,765 ,383 ,830 ,,
淘汰,1608778919,R2.4.11,2025/2/5,中標津,,"162,000 ",,,,,2025/4/9,,,,,,
出荷,1515214753,R3.3.22,2025/2/26,中標津,,"156,000 ",2025/3/3,595 ,,2025/3/4,2025/6/3,東・西,730 ,370 ,830 ,,
出荷,1470118882,R4.9.23,2025/2/5,旭川,,"153,000 ",2025/2/10,600 ,,2025/2/15,2025/7/1,東・西,680 ,342 ,830 ,,
出荷,1368438719,R1.11.5,2025/2/5,中標津,,,2025/2/10,755 ,,2025/2/12,2025/5/15,中部・西,900 ,454 ,830 ,,
出荷,1516257599,H29.3.21,2025/1/29,中標津,,"143,000 ",2025/1/31,630 ,,2025/3/7,2025/6/5,中部・西,740 ,364 ,830 ,,
出荷,1435314090,H29.10.15,2025/1/29,中標津,,"155,000 ",2025/1/31,575 ,,2025/3/7,2025/6/5,中部・西,710 ,335 ,830 ,,
出荷,1561910371,H30.6.20,2025/1/29,中標津,,"148,000 ",2025/1/31,685 ,,2025/3/7,2025/6/5,中部・西,800 ,406 ,830 ,,
出荷,1584012342,R2.5.28,2025/1/29,中標津,,"132,000 ",2025/1/31,600 ,,2025/3/7,2025/6/5,中部・西,740 ,360 ,830 ,,
出荷,1634824123,R3.4.10,2025/2/5,中標津,,"120,000 ",2025/2/10,545 ,,2025/3/7,2025/6/9,東日本,690 ,330 ,830 ,,
出荷,1403204699,H28.12.7,2025/2/5,中標津,,"132,000 ",2025/2/10,610 ,,2025/3/7,2025/6/9,東日本,700 ,338 ,830 ,,
出荷,0865297997,H30.9.18,2025/2/12,中標津,,,2025/2/17,650 ,,2025/3/7,2025/5/29,中部・西,750 ,371 ,830 ,,
出荷,0865798470,R1.5.5,2025/2/12,中標津,,,2025/2/17,630 ,,2025/2/22,2025/5/29,中部・西,770 ,377 ,830 ,,
出荷,1625111423,R3.5.31,2025/2/19,旭川,,"176,000 ",2025/2/25,590 ,,2025/3/7,2025/6/9,東日本,705 ,339 ,830 ,,
出荷,0867595152,R3.11.18,2025/2/12,中標津,,"146,000 ",2025/2/17,570 ,,2025/2/22,2025/6/3,東・西,755 ,349 ,830 ,,
出荷,1562908797,H29.6.30,2025/2/5,旭川,,"196,000 ",2025/2/10,700 ,,2025/3/7,2025/6/10,東・西,725 ,356 ,830 ,,
出荷,0867045213,R2.11.15,2025/2/13,紋別,,"159,000 ",2025/2/17,560 ,,2025/2/22,2025/9/8,東日本,665 ,301 ,900 ,,
出荷,1541907100,H31.3.30,2025/2/5,中標津,,"134,000 ",2025/2/10,565 ,,2025/3/7,2025/6/10,東・西,705 ,357 ,830 ,,
出荷,1634921495,R2.11.15,2025/2/19,中標津,,"166,000 ",2025/2/25,580 ,,2025/3/7,2025/6/10,東・西,690 ,347 ,830 ,,
出荷,1660510267,R4.4.2,2025/2/18,幕別,,"182,000 ",2025/2/25,600 ,,2025/3/7,2025/6/30,中部・西,740 ,372 ,830 ,,
出荷,1504107387,H29.8.2,2025/2/19,中標津,,"147,000 ",2025/2/25,650 ,,2025/3/7,2025/6/10,東・西,805 ,397 ,830 ,,
出荷,1402528499,R2.7.5,2025/2/19,中標津,,"145,000 ",2025/2/25,610 ,,2025/3/7,2025/6/12,中部・西,770 ,367 ,830 ,,
出荷,1404302721,H30.2.27,2025/2/19,中標津,,"148,000 ",2025/2/25,660 ,,2025/3/7,2025/6/12,中部・西,755 ,355 ,830 ,,
出荷,1459018240,R3.11.10,2025/2/20,土屋,,"175,000 ",2025/2/25,700 ,,2025/3/7,2025/6/12,中部・西,825 ,417 ,830 ,,
出荷,1432722843,R4.8.31,2025/2/18,幕別,,"167,000 ",2025/2/25,585 ,,2025/3/7,2025/6/17,中部・西,675 ,341 ,830 ,,
出荷,1383924976,H29.7.14,2025/2/12,中標津,,"128,000 ",2025/2/17,630 ,,2025/3/7,2025/6/26,中部・西,845 ,389 ,830 ,,
出荷,1645087470,R4.6.11,2025/2/18,幕別,,"158,000 ",2025/3/3,605 ,,2025/3/7,2025/6/26,中部・西,800 ,366 ,830 ,,
出荷,1476515753,R1.7.2,2025/2/19,中標津,,"170,000 ",2025/2/25,650 ,,2025/3/7,2025/7/1,東・西,720 ,332 ,830 ,,
出荷,1410732680,R3.11.27,2025/2/19,中標津,,"175,000 ",2025/2/25,700 ,,2025/3/7,2025/7/3,中部・西,750 ,389 ,830 ,,
出荷,1424619595,R3.1.8,2025/2/19,陸別NK,,"160,000 ",2025/3/3,630 ,,2025/3/7,2025/6/26,中部・西,805 ,408 ,830 ,,
出荷,1658703268,R4.8.15,2025/2/19,旭川,,"166,000 ",2025/2/25,540 ,,2025/3/4,2025/7/1,東・西,695 ,362 ,830 ,,
出荷,1459018288,R3.11.23,2025/2/20,土屋,,"145,000 ",2025/2/25,640 ,,2025/3/7,2025/6/12,中部・西,805 ,407 ,830 ,,
出荷,1562213280,R3.6.8,2025/2/28,幕別,,"167,000 ",2025/3/3,570 ,,2025/3/7,2025/6/26,中部・西,760 ,387 ,830 ,,
出荷,1426254206,R3.7.14,2025/2/18,幕別,,"170,000 ",2025/2/25,570 ,,2025/3/7,2025/7/1,東・西,750 ,390 ,830 ,,
出荷,1608115127,R4.12.24,2025/2/18,幕別,,"163,000 ",2025/2/25,540 ,,2025/3/7,2025/7/3,中部・西,700 ,364 ,830 ,,
出荷,1511115610,R3.1.31,2025/2/26,中標津,,"121,000 ",2025/3/3,535 ,,2025/3/7,2025/7/3,中部・西,700 ,328 ,830 ,,
出荷,1397318044,H28.7.21,2025/2/26,中標津,,"160,000 ",2025/3/3,610 ,,2025/4/22,2025/9/1,東日本,690 ,323 ,900 ,,
出荷,1416916985,H29.9.18,2025/2/26,中標津,,"141,000 ",2025/3/3,535 ,,2025/3/7,2025/9/8,東日本,680 ,329 ,900 ,,
出荷,1627013978,R3.3.27,2025/3/12,中標津,,"177,000 ",2025/3/17,580 ,,2025/3/28,2025/7/7,東日本,720 ,348 ,830 ,,
出荷,0305610881,R4.5.21,2025/2/27,紋別,,"171,000 ",2025/3/3,625 ,,2025/3/7,2025/7/3,中部・西,760 ,375 ,830 ,,
出荷,1395502636,H29.6.16,2025/3/12,中標津,,"158,000 ",2025/3/17,665 ,,2025/3/28,2025/7/7,東日本,755 ,374 ,830 ,,
出荷,1659233931,R4.4.18,2025/3/19,中標津,,"169,000 ",2025/3/24,580 ,,2025/4/5,2025/7/7,東日本,730 ,344 ,830 ,,
出荷,1400430305,R4.5.28,2025/3/5,旭川,,"164,000 ",2025/3/10,550 ,,2025/3/14,2025/8/24,東日本,670 ,316 ,900 ,,
出荷,1609112170,R4.5.2,2025/3/5,中標津,,"152,000 ",2025/3/10,540 ,,2025/3/14,2025/8/24,東日本,700 ,289 ,830 ,,
出荷,0868482857,R3.12.11,2025/3/6,大楽毛,,"168,000 ",2025/3/10,570 ,,2025/3/14,2025/9/8,東日本,670 ,314 ,900 ,,
出荷,1636947370,R3.8.1,2025/3/6,大楽毛,,"160,000 ",2025/3/10,545 ,,2025/3/14,2025/9/8,東日本,650 ,311 ,900 ,,
出荷,1455016400,R1.9.3,2025/3/19,旭川,,"182,000 ",2025/3/24,640 ,,2025/4/5,2025/7/8,東・西,695 ,341 ,830 ,,
出荷,1655824058,R3.9.21,2025/3/19,中標津,,"160,000 ",2025/3/24,600 ,,2025/4/5,2025/7/8,東・西,710 ,348 ,830 ,,
出荷,1402128279,R4.3.22,2025/3/19,中標津,,"171,000 ",2025/3/24,605 ,,2025/4/5,2025/7/8,東・西,695 ,340 ,830 ,,
出荷,1556363700,H31.3.16,2025/3/19,中標津,,"162,000 ",2025/3/24,615 ,,2025/4/5,2025/7/10,中部・西,740 ,358 ,830 ,,
出荷,0862636171,R1.6.29,2025/3/12,中標津,,"162,000 ",2025/3/17,655 ,,2025/4/5,2025/7/7,東日本,705 ,335 ,830 ,,
出荷,1548812964,R2.2.12,2025/3/26,中標津,,"174,000 ",2025/3/31,565 ,,2025/4/5,2025/7/10,中部・西,745 ,369 ,830 ,,
出荷,1528915449,R4.10.16,2025/3/28,幕別,,"192,000 ",2025/4/1,580 ,,2025/4/8,2025/7/10,中部・西,740 ,367 ,830 ,,
出荷,1548507723,H30.11.7,2025/3/26,旭川,,"180,000 ",2025/3/31,560 ,,2025/4/22,2025/7/22,東日本,735 ,351 ,830 ,,
出荷,1560310509,H29.12.11,2025/4/9,旭川,,"217,000 ",2025/4/14,620 ,,2025/4/14,2025/7/22,東日本,710 ,357 ,830 ,,
出荷,1597814490,R2.3.1,2025/4/2,旭川,,"184,000 ",2025/4/7,700 ,,2025/4/16,2025/7/23,東・西,770 ,360 ,830 ,,
出荷,0868510819,R1.5.13,2025/3/19,中標津,,"162,000 ",2025/3/24,700 ,,2025/4/5,2025/7/8,東・西,740 ,360 ,830 ,,
出荷,1562211668,R2.3.29,2025/4/9,旭川,,"184,000 ",2025/4/14,615 ,,2025/4/14,2025/7/23,東・西,755 ,369 ,830 ,,
出荷,1685210036,R5.9.4,2025/3/26,旭川,,"157,000 ",2025/3/31,530 ,,2025/4/5,2025/9/9,,610 ,315 ,900 ,,
出荷,1525620650,R3.9.15,2025/3/26,旭川,,"181,000 ",2025/3/31,590 ,,2025/4/5,2025/9/2,東・西,695 ,337 ,900 ,,
出荷,1588212465,R3.3.14,2025/1/29,旭川,,"150,000 ",2025/1/31,620 ,,2025/3/7,2025/7/28,東日本,665 ,317 ,830 ,,
出荷,0865770063,R2.9.1,2025/3/26,旭川,,"165,000 ",2025/3/31,600 ,,2025/4/16,2025/7/22,東日本,700 ,343 ,830 ,,
出荷,1479714078,R1.7.3,2025/4/2,旭川,,"168,000 ",2025/4/7,620 ,,2025/4/22,2025/7/28,東日本,720 ,335 ,830 ,,
出荷,1661610300,R4.10.30,2025/3/5,旭川,,"174,000 ",2025/3/10,550 ,,2025/4/5,2025/8/15,東・西,710 ,369 ,900 ,,
出荷,1482215531,H31.1.12,2025/3/12,中標津,,"129,000 ",2025/3/17,620 ,,2025/3/28,2025/8/15,東・西,725 ,343 ,900 ,,
出荷,1423422035,R3.3.13,2025/3/28,大楽毛,,"154,000 ",2025/4/1,595 ,,2025/4/8,2025/7/10,中部・西,740 ,372 ,830 ,,
出荷,0869226344,R2.6.27,2025/3/28,大楽毛,,"177,000 ",2025/4/1,705 ,,2025/4/16,2025/7/31,中部・西,775 ,408 ,830 ,,
出荷,1619366617,R2.6.21,2025/3/28,大楽毛,,"190,000 ",2025/4/1,715 ,,2025/4/22,2025/8/21,中部・西,840 ,444 ,900 ,,
出荷,1600612112,R3.5.1,2025/3/28,中標津,,"129,000 ",2025/4/1,615 ,,2025/4/8,2025/6/27,中部・西,720 ,321 ,830 ,,
出荷,1566414201,R3.7.3,2025/3/26,旭川,,"140,000 ",2025/3/31,530 ,,2025/4/14,2025/8/15,東・西,695 ,345 ,900 ,,
出荷,1499114902,R3.5.14,2025/3/28,幕別,,"180,000 ",2025/4/1,600 ,,2025/4/16,2025/7/22,東日本,685 ,353 ,830 ,,
出荷,1481617138,R3.10.4,2025/4/2,中標津,,"156,000 ",2025/4/7,580 ,,2025/4/8,2025/8/15,東・西,675 ,321 ,900 ,,
淘汰,1591410148,R1.7.7,2025/4/2,旭川,,"206,000 ",2025/4/7,720 ,,2025/4/22,2025/4/28,,,,,,
出荷,1364242761,R3.7.24,2025/4/15,豊富,,"173,000 ",2025/4/21,560 ,,2025/4/22,2025/8/18,東日本,720 ,348 ,900 ,,
出荷,0864601689,R2.3.1,2025/4/2,旭川,,"174,000 ",2025/4/7,640 ,,2025/4/22,2025/7/28,東日本,675 ,335 ,830 ,,
出荷,0870377592,R3.9.26,2025/4/2,中標津,,"167,000 ",2025/4/7,650 ,,2025/4/8,2025/7/11,東日本,760 ,385 ,830 ,,
出荷,1589215335,H31.4.27,2025/4/2,中標津,,"177,000 ",2025/4/7,650 ,,2025/4/20,2025/7/28,東日本,720 ,360 ,830 ,,
出荷,1508616144,R3.8.20,2025/4/9,中標津,,"173,000 ",2025/4/14,545 ,,2025/4/14,2025/8/21,中部・西,760 ,395 ,900 ,,
出荷,1612385622,R3.2.12,2025/4/2,中標津,,"160,000 ",2025/4/7,650 ,,2025/4/20,2025/8/18,東日本,740 ,326 ,900 ,,
出荷,1635309506,R2.8.14,2025/4/2,中標津,,"141,000 ",2025/4/7,560 ,,2025/4/22,2025/10/7,東・西,705 ,338 ,900 ,,
出荷,1407965015,R3.6.9,2025/4/9,中標津,,"164,000 ",2025/4/14,565 ,,2025/4/20,2025/8/21,中部・西,740 ,374 ,900 ,,
出荷,1679435018,R5.3.4,2025/3/12,旭川,,"153,000 ",2025/3/17,530 ,,2025/3/28,2025/9/1,東日本,670 ,312 ,900 ,,
出荷,1564158787,H31.3.23,2025/4/9,旭川,,"165,000 ",2025/4/14,560 ,,2025/4/22,2025/8/18,東日本,695 ,318 ,900 ,,
出荷,1600612327,R3.8.31,2025/4/9,中標津,,"164,000 ",2025/4/14,530 ,,2025/4/22,2025/10/6,東日本,680 ,335 ,900 ,,
出荷,1374326512,R2.12.30,2025/3/12,中標津,,"160,000 ",2025/3/17,590 ,,2025/4/22,2025/9/1,東日本,680 ,329 ,900 ,,
出荷,0869876792,R2.8.11,2025/4/9,中標津,,"186,000 ",2025/4/14,690 ,,2025/4/20,2025/8/21,中部・西,800 ,413 ,900 ,,
出荷,1679426726,R5.6.1,2025/3/26,中標津,,"137,000 ",2025/3/31,525 ,,2025/4/16,2025/9/25,東日本,690 ,357 ,900 ,,
出荷,1377537083,R4.7.6,2024/12/4,中標津,,"158,000 ",2024/12/9,535 ,,2024/12/21,2025/9/30,東日本,700 ,338 ,900 ,,
出荷,0870038790,R2.9.14,2025/4/16,旭川,,"186,000 ",2025/4/21,650 ,,2025/4/22,2025/8/24,東日本,695 ,315 ,900 ,,
出荷,0866964768,R3.9.11,2025/4/16,中標津,,"154,000 ",2025/4/21,510 ,,2025/4/22,2025/10/7,東・西,760 ,337 ,900 ,,
出荷,0870431621,R3.9.10,2025/4/22,豊富,,"141,000 ",2025/4/28,555 ,,2025/5/2,2025/9/2,東・西,690 ,341 ,900 ,,
出荷,1543218112,R5.4.1,2025/4/23,旭川,,"172,000 ",2025/4/28,540 ,,2025/5/2,2025/8/24,東日本,695 ,331 ,900 ,,
出荷,1435403701,R3.9.26,2025/4/23,旭川,,"184,000 ",2025/4/28,625 ,,2025/5/14,2025/8/28,中部・西,780 ,391 ,900 ,,
出荷,1580312118,R2.12.23,2025/4/23,旭川,授精歴あり(12/13),"213,000 ",2025/4/28,645 ,,2025/5/2,2025/8/28,中部・西,870 ,389 ,900 ,,
淘汰,1579513151,R3.5.23,2025/4/23,中標津,,"181,000 ",2025/4/28,635 ,,,2025/5/12,,,,,,
出荷,1508616250,R3.10.26,2025/4/23,中標津,,"148,000 ",2025/4/28,565 ,,2025/5/6,2025/8/18,東日本,725 ,359 ,900 ,,
出荷,1571713542,R3.6.24,2025/4/23,中標津,,"166,000 ",2025/4/28,610 ,,2025/5/6,2025/8/26,東・西,750 ,354 ,900 ,,
淘汰,1520014355,R1.11.12,2025/4/23,中標津,,"152,000 ",2025/4/28,540 ,,2025/5/6,2025/8/15,,,,,,
出荷,1459019452,R3.10.1,2025/4/30,中標津,,"181,000 ",2025/5/7,665 ,,2025/5/6,2025/8/28,中部・西,790 ,410 ,900 ,,
死亡,1521309658,H28.4.29,2025/4/30,旭川,,"195,000 ",2025/5/7,700 ,,2025/5/26,2025/6/5,,,,,,
淘汰,1485416430,R3.10.12,2025/4/30,中標津,授精歴あり,"168,000 ",2025/5/7,610 ,,2025/5/6,2025/6/9,,,,,,
出荷,1424929793,R3.4.22,2025/4/30,旭川,,"192,000 ",2025/5/7,650 ,,2025/5/21,2025/9/4,中部・西,825 ,403 ,900 ,,
出荷,1510516234,R3.11.19,2025/4/30,旭川,,"185,000 ",2025/5/7,630 ,,2025/5/6,2025/8/28,中部・西,760 ,365 ,900 ,,
出荷,0867584514,R2.7.3,2025/4/30,旭川,,"163,000 ",2025/5/7,560 ,,2025/5/13,2025/10/28,東日本,706 ,333 ,900 ,,
出荷,1657709414,R4.1.27,2025/4/30,旭川,,"176,000 ",2025/5/7,670 ,,2025/5/3,2025/10/27,,708 ,329 ,900 ,,
淘汰,1642709061,R3.6.5,2025/4/30,旭川,,"187,000 ",2025/5/7,680 ,,2025/5/6,2025/7/30,,,,,,
淘汰,1524607553,R2.1.17,2025/5/7,旭川,,"183,000 ",2025/5/12,570 ,,,2025/5/26,,,,,,
出荷,1550414682,R3.9.5,2025/5/7,中標津,,"143,000 ",2025/5/12,530 ,,2025/5/24,2025/9/29,東日本,675 ,322 ,900 ,,
出荷,1624010512,R3.4.2,2025/5/7,旭川,,"161,000 ",2025/5/12,570 ,,2025/5/21,2025/9/9,東・西,700 ,328 ,900 ,,
淘汰,1436117331,H29.12.16,2025/5/14,中標津,,"135,000 ",2025/5/19,590 ,,,2025/5/22,,,,,,
淘汰,1415222841,R1.12.9,2025/5/14,中標津,,"173,000 ",2025/5/19,590 ,,2025/5/21,2025/7/14,,,,,,
出荷,1523106804,H30.9.3,2025/5/14,旭川,,"173,000 ",2025/5/19,600 ,,2025/5/24,2025/8/26,東・西,710 ,328 ,900 ,,
出荷,1663506182,R4.5.1,2025/5/14,旭川,,"176,000 ",2025/5/19,570 ,,2025/5/24,2025/9/9,東・西,690 ,319 ,900 ,,
淘汰,1385026524,R2.5.22,2025/5/14,旭川,,"191,000 ",2025/5/19,650 ,,2025/5/26,2025/8/7,,,,,,
出荷,1368435961,R2.12.25,2025/5/14,中標津,,"205,000 ",2025/5/19,690 ,,2025/5/21,2025/9/10,中部・西,825 ,421 ,900 ,,
出荷,1496712736,H29.9.19,2025/5/20,豊富,,"174,000 ",2025/5/26,670 ,,2025/5/24,2025/9/26,,850 ,403 ,900 ,,
出荷,1476417323,R4.7.5,2025/5/20,幕別,,"165,000 ",2025/5/26,550 ,,2025/6/6,2025/9/30,東・西,710 ,335 ,900 ,,
出荷,1379836412,H29.12.26,2025/5/21,中標津,,"176,000 ",2025/5/26,630 ,,2025/6/6,2025/9/18,中部・西,680 ,321 ,900 ,,
出荷,1510075182,H29.5.4,2025/5/21,中標津,,"180,000 ",2025/5/26,615 ,,2025/6/6,2025/9/16,東・西,725 ,340 ,900 ,,
出荷,1482819234,R3.5.21,2025/5/21,中標津,,"172,000 ",2025/5/26,585 ,,2025/6/6,2025/9/18,中部・西,775 ,366 ,900 ,,
出荷,0869227020,R3.1.26,2025/5/22,大楽毛,,"189,000 ",2025/5/26,630 ,,2025/6/6,2025/9/18,中部・西,820 ,403 ,900 ,,
出荷,1408926978,R4.6.18,2025/7/2,旭川,第四胃変位,"169,000 ",2025/7/7,520 ,2-左-2,2025/7/14,2025/11/4,東・西,668 ,307 ,900 ,,
出荷,1397629591,R3.1.16,2025/5/28,旭川,,"202,000 ",2025/6/2,600 ,,2025/6/27,2025/10/6,東日本,670 ,305 ,900 ,,
出荷,1494129574,R5.5.6,2025/5/28,旭川,,"218,000 ",2025/6/2,570 ,,2025/6/27,2025/10/6,東日本,660 ,329 ,900 ,,
出荷,1396629615,R5.3.30,2025/5/28,旭川,,"190,000 ",2025/6/2,555 ,,2025/6/6,2025/9/29,東・西,675 ,341 ,900 ,,
出荷,1578908057,H30.9.2,2025/5/28,中標津,,"177,000 ",2025/6/2,620 ,,2025/6/6,2025/9/29,,690 ,334 ,900 ,,
出荷,1457419025,R4.6.25,2025/6/4,旭川,,"189,000 ",2025/6/9,569 ,,2025/6/27,2025/10/20,東日本,670 ,301 ,900 ,,
出荷,1510517088,R4.10.30,2025/6/4,旭川,,"209,000 ",2025/6/9,575 ,,2025/6/17,2025/10/20,東日本,668 ,333 ,900 ,,
淘汰,1617612020,R4.5.23,2025/6/4,中標津,,"188,000 ",2025/6/9,510 ,,2025/6/17,2025/10/8,,,,,,
出荷,1489617994,R4.11.2,2025/6/11,旭川,,"213,000 ",2025/6/16,620 ,,2025/7/15,2025/10/14,東・西,740 ,377 ,900 ,,
出荷,1498615578,H30.10.4,2025/6/11,旭川,,"239,000 ",2025/6/16,690 ,,2025/7/15,2025/10/16,中部・西,790 ,395 ,900 ,,
出荷,1417627415,R4.1.3,2025/6/11,旭川,,"176,000 ",2025/6/16,540 ,,2025/6/17,2025/9/16,東・西,715 ,350 ,900 ,,
出荷,1432835499,R5.2.12,2025/7/18,幕別,,"177,000 ",2025/7/22,515 ,1-右-16,2025/9/4,2026/1/6,東日本,670 ,353 ,900 ,,
出荷,1485916145,R3.2.14,2025/7/9,中標津,,"168,000 ",2025/7/14,595 ,1-左-11,2025/8/4,2025/11/4,東・西,698 ,339 ,900 ,,
出荷,1661609519,R4.8.2,2025/6/18,旭川,,"204,000 ",2025/6/23,660 ,,2025/7/15,2025/10/14,東・西,710 ,374 ,900 ,,
出荷,1615311857,R3.12.25,2025/6/18,中標津,,"195,000 ",2025/6/23,615 ,,2025/6/27,2025/9/30,中部・西,770 ,346 ,900 ,,
出荷,1512815960,R3.4.23,2025/6/18,中標津,,"171,000 ",2025/6/23,580 ,,2025/6/27,2025/9/30,東・西,695 ,319 ,900 ,,
出荷,1609009708,R1.10.10,2025/7/2,旭川,,"204,000 ",2025/7/7,630 ,2-左-2,2025/7/30,2025/11/6,中部・西,764 ,351 ,900 ,,
出荷,1562909121,H30.1.7,2025/6/25,旭川,,"214,000 ",2025/6/30,610 ,,2025/7/30,2025/10/27,東日本,694 ,334 ,900 ,,
淘汰,1505522172,R3.7.19,2025/6/26,大楽毛,,"165,000 ",2025/6/30,585 ,,2025/7/15,2025/8/25,,,,,,
出荷,1621204945,R3.1.5,2025/7/2,旭川,,"196,000 ",2025/7/7,570 ,,2025/7/14,2025/10/16,中部・西,725 ,334 ,900 ,,
出荷,1618408745,R1.8.14,2025/7/10,大楽毛,,"150,000 ",2025/7/14,590 ,1-バラ-右,2025/7/30,2025/11/6,中部・西,722 ,344 ,900 ,,
淘汰,1530015557,R3.11.27,2025/7/2,旭川,,"174,000 ",2025/7/7,480 ,,2025/7/14,2025/8/29,,,,,,
出荷,1528206936,R2.8.2,2025/7/17,大楽毛,,"210,000 ",2025/7/22,590 ,2-右-2,2025/8/4,2025/11/6,中部・西,816 ,380 ,900 ,,
出荷,0871964753,R4.2.2,2025/6/11,中標津,,"163,000 ",2025/6/16,500 ,2-右-2,2025/6/17,2025/11/11,東・西,650 ,339 ,900 ,,
出荷,1630444059,R3.2.27,2025/7/2,旭川,,"184,000 ",2025/7/7,570 ,3-右-1,2025/7/30,2025/11/13,中部・西,660 ,332 ,900 ,,
淘汰,1374934311,R5.6.3,2025/7/2,旭川,授精暦あり(6/20),"182,000 ",2025/7/7,500 ,,2025/7/30,2025/9/10,,,,,,
出荷,1413336755,R4.11.6,2025/7/9,旭川,,"193,000 ",2025/7/14,540 ,,2025/7/30,2025/10/27,東日本,684 ,330 ,900 ,,
出荷,1522604028,R3.8.4,2025/7/2,旭川,,"165,000 ",2025/7/7,500 ,2-左-4,2025/7/14,2025/11/18,東日本,662 ,318 ,900 ,,
出荷,1539114718,R3.12.21,2025/7/16,旭川,,"190,000 ",2025/7/22,550 ,3-右-1,2025/7/30,2025/12/8,東・西,693 ,317 ,900 ,,
出荷,1375061702,R4.2.16,2025/7/16,旭川,,"179,000 ",2025/7/22,560 ,1-左-16,2025/7/30,2025/11/18,東日本,665 ,334 ,900 ,,
出荷,1636903994,R3.6.7,2025/7/24,紋別,,"194,000 ",2025/7/28,630 ,1-バラ-左,2025/8/16,2025/11/19,中部・西,762 ,337 ,900 ,,
出荷,1387530470,R2.3.1,2025/5/22,大楽毛,,"126,000 ",2025/5/26,530 ,1-右-9,2025/6/6,2025/11/21,東・西,668 ,338 ,900 ,,
出荷,1402125322,R2.6.29,2025/7/9,旭川,,"209,000 ",2025/7/14,560 ,2-左-1,2025/8/16,2025/11/27,東・西,730 ,370 ,900 ,,
出荷,1415735914,R5.6.30,2025/7/16,旭川,,"191,000 ",2025/7/22,550 ,3-右-1,2025/7/30,2025/12/2,東・西,662 ,317 ,900 ,,
出荷,1530015854,R4.6.3,2025/7/16,旭川,,"182,000 ",2025/7/22,540 ,2-左-2,2025/8/4,2025/12/9,東日本,660 ,341 ,900 ,,
出荷,1571911016,H31.2.13,2025/6/18,中標津,,"185,000 ",2025/6/23,570 ,3-左-3,2025/7/15,2025/11/21,東・西,662 ,293 ,830 ,,
出荷,1492518004,R3.12.23,2025/7/16,中標津,,"130,000 ",2025/7/22,470 ,3-左-3,2025/8/28,2025/12/8,東日本,664 ,327 ,900 ,,
出荷,1669904760,R4.7.31,2025/7/16,中標津,,"141,000 ",2025/7/22,465 ,1-右-9,2025/7/30,2026/2/2,東日本,682 ,334 ,900 ,"●12/22石垣から移動
●12/27乾乳から移動",
淘汰,1476893776,R4.9.17,2025/7/16,旭川,,"188,000 ",2025/7/22,500 ,,2025/8/4,2025/10/6,,,,,,
淘汰,1533614931,R3.6.21,2025/7/16,旭川,,"207,000 ",2025/7/22,635 ,,2025/9/4,2025/10/8,,,,,,
出荷,1417627378,R3.12.27,2025/7/9,旭川,,"202,000 ",2025/7/14,550 ,2-左-1,2025/8/16,2025/11/21,東日本,690 ,349 ,900 ,,
淘汰,1482914205,R1.5.23,2025/7/18,幕別,,"204,000 ",2025/7/22,635 ,,2025/8/22,2025/8/22,,,,,,
出荷,1546914509,H31.2.27,2025/8/20,中標津,,"175,000 ",2025/8/25,565 ,1-右-13,2025/9/8,2025/12/11,中部・西,726 ,344 ,900 ,,
淘汰,1385941407,R5.1.19,2025/7/23,旭川,,"181,000 ",2025/7/28,540 ,,2025/9/4,2025/9/10,,,,,,
,1542323848,R1.11.19,2025/7/23,中標津,,"159,000 ",2025/7/28,560 ,1-左-8,2025/9/1,,,,,,"9/4AM2k完食 PM2k残（3頭合わせて）
●10/7 2-左-3から移動
●12/22石垣から移動
●12/27乾乳から移動
1/13PM2.5/6残→与3
1/14AM0/3残→与4+ビタミン PM0残→与5+ビタミン
1/15AM0残→与6+ビタミン
1/21AMPM1+重曹
●2/8 1-左-12から移動",
出荷,1491304134,R2.7.21,2025/7/23,中標津,,"181,000 ",2025/7/28,600 ,3-左-1,2025/9/1,2025/11/26,東・西,664 ,310 ,900 ,,
出荷,1628813027,R4.6.7,2025/7/9,旭川,,"185,000 ",2025/7/14,510 ,1-バラ-左,2025/8/16,2025/11/21,東日本,698 ,335 ,900 ,,
出荷,1606160136,R2.7.8,2025/8/20,中標津,,"180,000 ",2025/8/25,670 ,1-バラ-右,2025/9/8,2025/12/11,中部・西,854 ,421 ,900 ,,
出荷,1409861322,R3.12.30,2025/7/24,紋別,,"154,000 ",2025/7/28,540 ,1-左-1,2025/8/16,2025/12/2,東・西,682 ,334 ,900 ,,
淘汰,1598613993,R5.6.1,2025/7/30,旭川,,"194,000 ",2025/8/4,520 ,,2025/8/28,2025/9/9,,,,,,
出荷,1639204777,R2.8.19,2025/7/30,中標津,授精歴あり,"148,000 ",2025/8/4,570 ,3-左-1,2025/8/28,2025/11/26,東・西,690 ,331 ,900 ,,
出荷,1650821854,R4.1.29,2025/7/30,中標津,,"231,000 ",2025/8/4,625 ,3-右-5,2025/8/28,2025/11/26,東・西,702 ,360 ,900 ,,
出荷,0872018387,R4.5.8,2025/7/30,中標津,,"186,000 ",2025/8/4,570 ,3-左-3,2025/8/28,2025/11/25,東・西,682 ,329 ,900 ,,
出荷,1613059805,R2.3.23,2025/7/30,旭川,,"196,000 ",2025/8/4,620 ,3-左-1,2025/8/28,2025/11/27,中部・西,762 ,334 ,900 ,,
出荷,1374433876,R4.7.29,2025/7/24,紋別,,"177,000 ",2025/7/28,530 ,1-右-11,2025/8/16,2026/1/6,東日本,665 ,316 ,900 ,,
出荷,1620608904,R2.10.10,2025/7/30,中標津,授精歴あり,"165,000 ",2025/8/4,560 ,3-右-5,2025/9/4,2025/11/27,中部・西,722 ,340 ,900 ,,
出荷,1488916142,R3.4.29,2025/8/6,旭川,,"182,000 ",2025/8/7,590 ,3-右-5,2025/9/4,2025/12/1,東日本,668 ,325 ,900 ,,
出荷,1469105312,R2.4.30,2025/8/6,中標津,,"197,000 ",2025/8/7,540 ,2-左-4,2025/9/1,2025/11/27,中部・西,826 ,401 ,900 ,,
出荷,1453721535,R3.12.16,2025/8/6,中標津,,"133,000 ",2025/8/7,620 ,2-左-4,2025/9/4,2025/12/4,中部・西,758 ,353 ,900 ,,
出荷,1531215727,R3.3.9,2025/8/6,中標津,授精歴あり,"163,000 ",2025/8/7,600 ,1-左-16,2025/9/4,2025/12/8,東日本,680 ,329 ,900 ,,
出荷,1448904998,H31.3.8,2025/8/15,陸別NK,,"165,000 ",2025/8/18,515 ,2-左-3,2025/9/4,2025/12/1,東日本,670 ,306 ,900 ,,
淘汰,1582908890,H30.6.15,2025/8/20,旭川,,"220,000 ",2025/8/25,665 ,,,2025/9/3,,,,,,
淘汰,1607510084,R2.4.30,2025/8/20,旭川,,"192,000 ",2025/8/25,565 ,,2025/9/8,2025/10/28,,,,,,
出荷,1576707836,R5.1.15,2025/8/20,旭川,,"194,000 ",2025/8/25,515 ,1-右-12,2025/9/8,2025/12/9,東・西,690 ,313 ,900 ,,
出荷,1552013869,R3.6.26,2025/8/27,中標津,,"236,000 ",2025/9/1,610 ,1-左-5,2025/9/8,2025/12/11,中部・西,786 ,371 ,900 ,,
出荷,1668904419,R4.6.23,2025/8/27,旭川,,"155,000 ",2025/9/1,500 ,1-バラ-右,2025/9/8,2026/1/6,東日本,664 ,340 ,900 ,,
出荷,1374424577,R1.5.12,2025/8/27,旭川,,"238,000 ",2025/9/1,670 ,1-左-10,2025/9/18,2025/12/15,東日本,760 ,348 ,900 ,,
出荷,1661618481,R4.8.14,2025/8/20,中標津,,"173,000 ",2025/8/25,580 ,3-左-1,2025/9/1,2025/11/25,東・西,662 ,327 ,900 ,,
出荷,1527615760,R4.9.12,2025/8/20,中標津,授精歴あり,"210,000 ",2025/8/25,555 ,1-右-11,2025/9/8,2025/12/9,東・西,720 ,359 ,900 ,,
出荷,1377235170,R4.3.23,2025/8/21,大楽毛,腹不明,"192,000 ",2025/8/25,610 ,1-右-8,2025/9/1,2025/11/26,中部・西,716 ,342 ,900 ,,
出荷,1406524831,R3.9.25,2025/8/21,大楽毛,"腹不明
（勝金幸）","159,000 ",2025/8/25,560 ,1-右-15,2025/9/8,2025/12/10,東・西,666 ,313 ,900 ,,
出荷,1644852246,R3.10.12,2025/8/21,大楽毛,,"150,000 ",2025/8/25,605 ,1-バラ-右,2025/9/1,2025/11/25,東・西,726 ,346 ,900 ,,
淘汰,1522013318,R2.12.17,2025/8/27,旭川,,"180,000 ",2025/9/1,610 ,,2025/9/18,2025/9/26,,,,,,
淘汰,1610781112,R3.1.12,2025/8/27,旭川,,"199,000 ",2025/9/1,660 ,,2025/9/18,2025/10/3,,,,,,
出荷,1612204176,R2.2.5,2025/8/27,中標津,授精歴あり,"156,000 ",2025/9/1,550 ,1-左-14,2025/9/18,2025/12/15,東日本,704 ,322 ,900 ,,
出荷,1505512067,H30.7.2,2025/8/27,中標津,,"168,000 ",2025/9/1,615 ,1-左-12,2025/9/18,2025/12/15,東・西,778 ,381 ,900 ,,
出荷,1661630971,R5.6.25,2025/8/27,中標津,,"194,000 ",2025/9/1,525 ,1-バラ-右,2025/9/8,2026/1/6,東日本,674 ,353 ,900 ,,
出荷,1664426380,R4.5.23,2025/9/3,中標津,,"163,000 ",2025/9/8,580 ,1-左-15,2025/9/19,2025/12/15,東・西,690 ,362 ,900 ,,
出荷,0861265099,H28.4.4,2025/9/3,旭川,,"183,000 ",2025/9/8,600 ,1-右-4,2025/9/19,2025/12/16,東・西,714 ,330 ,900 ,,
出荷,1525410985,H29.6.29,2025/9/3,中標津,,"187,000 ",2025/9/8,610 ,1-右-3,2025/9/19,2025/12/16,東・西,724 ,338 ,900 ,,
出荷,1584523879,R3.9.7,2025/9/3,中標津,,"207,000 ",2025/9/8,600 ,1-右-2,2025/9/19,2025/12/16,東・西,714 ,355 ,900 ,,
淘汰,1363926587,H29.6.25,2025/8/27,中標津,授精歴あり,"181,000 ",2025/9/1,745 ,,2025/9/18,2025/10/6,,,,,,
出荷,1652717681,R4.1.16,2025/9/11,大楽毛,,"209,000 ",2025/9/16,615 ,1-右-6,2025/9/19,2025/12/16,東・西,746 ,398 ,900 ,,
淘汰,1608309632,R2.1.13,2025/8/27,中標津,,"151,000 ",2025/9/1,625 ,1-左-9,2025/9/18,2025/11/25,,,,,,
出荷,1593212467,R3.7.30,2025/8/27,中標津,授精歴あり,"158,000 ",2025/9/1,580 ,1-左-6,2025/9/8,2025/12/8,東日本,724 ,394 ,900 ,,
出荷,1411319330,R1.6.18,2025/8/27,中標津,,"192,000 ",2025/9/1,700 ,石垣,2025/9/18,2025/12/17,東日本,718 ,323 ,900 ,,
出荷,0865887617,R3.7.9,2025/9/3,旭川,,"184,000 ",2025/9/8,610 ,3-左-4,2025/9/22,2025/12/17,東日本,695 ,337 ,900 ,,
出荷,0870014671,R3.7.2,2025/9/3,中標津,,"173,000 ",2025/9/8,640 ,3-左-4,2025/9/22,2025/12/18,中部・西,768 ,345 ,900 ,,
出荷,1438512639,H28.6.11,2025/9/3,中標津,,"201,000 ",2025/9/8,665 ,3-左-4,2025/9/22,2025/12/18,中部・西,746 ,350 ,900 ,,
出荷,1477130658,H31.4.13,2025/9/3,中標津,,"181,000 ",2025/9/8,650 ,3-左-4,2025/9/22,2025/12/18,中部・西,758,367 ,900 ,,
出荷,1492518950,R4.3.14,2025/9/8,大楽毛,,"187,000 ",2025/9/16,660 ,石垣,2025/9/19,2025/12/18,中部・西,708 ,338 ,900 ,,
出荷,1618350952,R2.10.17,2025/9/10,旭川,,"191,000 ",2025/9/16,600 ,2-左-3,2025/9/26,2026/1/7,中部・西,730 ,363 ,900 ,,
出荷,1391118695,H29.4.9,2025/9/17,中標津,,"183,000 ",2025/9/22,655 ,1-右-7,2025/9/24,2026/1/7,中部・西,731 ,363 ,900 ,,
出荷,0871964913,R4.5.27,2025/6/11,中標津,,"156,000 ",2025/6/16,500 ,1-右-10,2025/6/17,2026/1/13,東・西,670 ,334 ,900 ,,
出荷,1354897551,H30.5.6,2025/8/27,中標津,,"153,000 ",2025/9/1,510 ,1-右-15,2025/9/18,2026/1/13,東・西,682 ,340 ,900 ,,
淘汰,1627051185,R2.7.21,2025/9/10,中標津,,"175,000 ",2025/9/16,545 ,,,2025/9/22,,,,,,
出荷,1660408489,R4.8.18,2025/9/10,旭川,,"191,000 ",2025/9/16,615 ,2-左-3,2025/9/26,2026/1/13,東・西,688 ,322 ,900 ,,
出荷,0866268057,H30.9.18,2025/9/8,大楽毛,,"164,000 ",2025/9/16,665 ,1-右-1,2025/9/24,2026/1/15,中部・西,790 ,424 ,900 ,,
出荷,1546767969,R4.8.29,2025/9/16,幕別,,"169,000 ",2025/9/22,605 ,1-バラ-右,2025/9/24,2026/1/15,中部・西,732 ,358 ,900 ,,
出荷,1422047185,R1.11.28,2025/9/17,中標津,,"158,000 ",2025/9/22,710 ,1-バラ-右,2025/9/24,2026/1/15,中部・西,864 ,423 ,900 ,,
出荷,1485416379,R3.9.20,2025/9/17,中標津,,"180,000 ",2025/9/22,660 ,1-バラ-右,2025/9/24,2026/1/15,中部・西,730 ,358 ,900 ,,
出荷,1604422434,R5.7.12,2025/8/20,中標津,,"179,000 ",2025/8/25,505 ,1-右-2,2025/9/1,2026/1/19,中部・西,682 ,356 ,900 ,,
出荷,1592903120,H31.3.28,2025/9/10,中標津,,"180,000 ",2025/9/16,590 ,1-右-10,2025/9/26,2026/2/2,東日本,684 ,312 ,900 ,"●11/17 2-左-3から移動
●1/13 石垣から移動",
淘汰,1594810020,R1.6.16,2025/9/17,中標津,,"134,000 ",2025/9/22,630 ,,2025/10/2,2025/10/29,,,,,,
出荷,1628337240,R3.3.8,2025/9/10,中標津,,"202,000 ",2025/9/16,600 ,2-左-3,2025/9/26,2026/1/22,中部・西,784 ,393 ,900 ,,
出荷,1592411410,R2.3.8,2025/9/24,中標津,,"180,000 ",2025/9/29,585 ,3-左-6,2025/9/30,2026/1/22,東日本,702 ,334 ,900 ,10/24PM漏乳,
出荷,1658837765,R5.2.13,2025/7/30,中標津,,"194,000 ",2025/8/4,500 ,1-右-4,2025/8/28,2026/1/26,東日本,706 ,362 ,900 ,"●9/22 3-右-4から移動
9/25PM左前乳房炎
11/29AM1k残/6
●1/16 3-左-6から移動",
出荷,1531212641,H31.2.27,2025/9/17,中標津,,"182,000 ",2025/9/22,610 ,3-右-6,2025/10/8,2026/1/26,東日本,738 ,347 ,900 ,"10/1漏乳 しばらく草
10/25PM右後漏乳
●12/24 3-左-3から移動",
出荷,1456906465,H28.9.19,2025/9/18,大楽毛,,"157,000 ",2025/9/22,665 ,3-右-4,2025/9/30,2026/1/26,東日本,804 ,346 ,900 ,10/25PM右前乳房炎,
出荷,1396600768,R4.5.7,2025/9/24,中標津,,"143,000 ",2025/9/29,540 ,3-左-6,2025/9/30,2026/1/26,東日本,720 ,378 ,900 ,,
淘汰,1363849930,H30.7.16,2025/9/24,中標津,,"194,000 ",2025/9/29,600 ,,,2025/10/1,,,,,,
出荷,1390835944,R2.10.26,2025/9/16,幕別,,"218,000 ",2025/9/22,655 ,3-右-4,2025/9/30,2026/1/27,東・西,778 ,366 ,900 ,,
出荷,1495216723,R4.1.22,2025/9/18,大楽毛,,"200,000 ",2025/9/22,670 ,3-右-4,2025/9/30,2026/1/27,東・西,822 ,419 ,900 ,,
出荷,1610781174,R3.3.19,2025/9/24,旭川,,"187,000 ",2025/9/29,625 ,3-左-5,2025/10/8,2026/1/27,中部・西,702 ,362 ,900 ,,
出荷,1474413099,H30.2.27,2025/9/24,中標津,,"141,000 ",2025/9/29,650 ,3-左-1,2025/10/2,2026/1/27,東・西,786 ,342 ,900 ,,
出荷,1498812946,H30.9.15,2025/9/24,中標津,,"170,000 ",2025/9/29,675 ,2-左-1,2025/10/8,2026/1/29,中部・西,868 ,449 ,900 ,●12/1 2-右-1から移動,
出荷,1517413925,R3.4.9,2025/9/24,中標津,,"184,000 ",2025/9/29,590 ,2-左-1,2025/10/8,2026/2/5,中部・西,720 ,351 ,900 ,"●12/1 2-右-1から移動
1/30PM3k残
1/31AM4k残",〇
出荷,1616890382,R2.10.30,2025/9/25,大楽毛,,"201,000 ",2025/9/29,680 ,3-左-6,2025/10/8,2026/1/29,中部・西,792 ,408 ,900 ,"12/5PM0.5k残
12/12AM1k残PM0.5k残
12/13AMスタンチョンに入りたがらない。0.5k残
12/22AM1.5k残
1/20AM1.5k残
1/21AM1k残
●1/27 3-左-5から移動",
出荷,1516016745,R3.12.5,2025/9/25,大楽毛,,"181,000 ",2025/9/29,670 ,3-左-6,2025/9/30,2026/1/29,中部・西,834 ,433 ,900 ,,
出荷,1567011973,R2.7.14,2025/9/26,幕別,,"188,000 ",2025/9/29,600 ,石垣,2025/10/8,2026/2/5,中部・西,692 ,318 ,900 ,●11/17 3-左-6から移動,
淘汰,1599010333,R1.6.1,2025/9/26,幕別,,"170,000 ",2025/9/29,690 ,1-右-7,2025/10/8,2025/11/28,,,,,,
,1603555027,R1.6.1,2025/9/30,幕別,,"134,000 ",2025/10/6,540 ,3-左-1,2025/10/14,,,,,,"10/8AM左後乳房炎
●11/25 2-右-4から移動
●12/4 2-左-4から移動
●12/6 2-左-3から移動
12/20体測時シコリあり
●12/27 1-右-9から移動
1/14AM0.5残
●1/27 3-左-4から移動
●1/29 3-左-5から移動
2/7AM1k残
●2/8 3-左-6から移動",
出荷,0868807315,R4.7.4,2025/10/1,中標津,,"184,000 ",2025/10/6,650 ,3-左-6,2025/10/8,2026/1/29,中部・西,816 ,420 ,900 ,"10/21AM1k残 PM3k残
12/5AM1k残
12/5PM1k残
12/6AM1k残
12/12AM1k残 PM0.5k残
12/13AMスタンチョンに入りたがらない。0.5k残
12/22AM1.5k残PM1k残
12/25AM3k残
1/19AM1k残
1/20AM1k残
1/21AM1.5k残
1/23AM2k残
●1/27 3-左-5から移動",
淘汰,1431920325,R2.9.9,2025/10/1,中標津,,"127,000 ",2025/10/6,560 ,,2025/10/8,2025/10/16,,,,,,
出荷,1459604030,R2.6.29,2025/10/1,中標津,,"149,000 ",2025/10/6,610 ,3-左-6,2025/10/14,2026/2/10,東・西,710 ,329 ,900 ,"●11/17 2-右-4から移動
●2/3 石垣から移動
●2/8 1-右-9から移動",
出荷,1584376826,R1.9.14,2025/10/8,中標津,,"176,000 ",2025/10/14,710 ,1-左-9,2025/10/14,2026/2/5,中部・西,830 ,376 ,900 ,"●11/17 2-右-4から移動
●2/3 石垣から移動",
出荷,1372481558,R3.3.11,2025/10/14,幕別,,"157,000 ",2025/10/21,706 ,1-右-6,2025/11/1,2026/2/12,中部・西,794 ,396 ,900 ,"10/18AM左後乳房炎
10/20PM右後も乳房炎。38.98℃
10/27PM左前乳房炎
10/28PM 38.48℃
●10/29 3-右-2から移動
11/19PM1.5残
●12/17 1-左-8から移動
12/15PM1k残
1/23AM左後足腫れ",
淘汰,1498915302,R2.6.15,2025/10/15,中標津,,"131,000 ",2025/10/21,566 ,1-右-9,2025/10/29,2025/11/28,,,,,,
,1636312185,R4.9.6,2025/10/15,中標津,,"131,000 ",2025/10/21,502 ,石垣,2025/10/21,2026/2/16,東日本,,,,●11/17 3-右-3から移動,
出荷,1507107049,H30.10.8,2025/10/15,中標津,,"146,000 ",2025/10/21,676 ,1-右-1,2025/10/21,2026/2/12,中部・西,782 ,361 ,900 ,"★10/31妊鑑(-)
●11/17 3-右-3から移動
10/25体重修正736→636
●2/8 石垣から移動",
出荷,1391042143,R3.7.31,2025/10/16,大楽毛,,"198,000 ",2025/10/21,686 ,1-右-4,2025/10/21,2026/2/5,中部・西,782 ,408 ,900 ,"●11/21 3-右-3から移動
●12/24 3-左-3から移動
12/25AM5k残
●1/27 3-左-5から移動
●2/3 3-左-6から移動",
出荷,1589012996,R3.5.21,2025/10/17,幕別,,"180,000 ",2025/10/21,582 ,1-右-5,2025/10/31,2026/2/3,東・西,700 ,335 ,900 ,●10/29 3-右-2から移動,
出荷,1555412867,R2.8.8,2025/10/17,幕別,,"201,000 ",2025/10/21,602 ,3-右-4,2025/10/21,2026/2/12,中部・西,734 ,375 ,900 ,●11/21 3-右-3から移動,
死亡,1352580394,R2.11.15,2025/10/21,幕別,,"184,000 ",2025/11/1,636 ,2-右-3,2025/11/5,2025/11/29,,,,,,
淘汰,1372334533,R5.1.3,2025/10/22,中標津,,"171,000 ",2025/10/31,582 ,1-左-11,2025/10/29,2025/11/6,,,,,,
淘汰,1408170456,R5.2.13,2025/10/22,中標津,授精歴あり,"144,000 ",2025/10/31,544 ,1-左-3,2025/10/30,2025/12/17,,,,,,
出荷,1466915952,R2.9.9,2025/10/22,中標津,,"174,000 ",2025/10/31,702 ,2-右-3,2025/11/5,2026/2/12,中部・西,804 ,385 ,900 ,"※少し大きめ、良い この牛くらい
10/23腹が垂れている",
,1538713066,R2.3.8,2025/10/22,中標津,,"158,000 ",2025/10/31,606 ,2-右-3,2025/11/5,2026/2/26,中部・西,,,,10/23がれている。乳大きい。,
,1587809628,H31.1.14,2025/10/23,大楽毛,腹不明,"170,000 ",2025/10/31,638 ,2-右-3,2025/11/5,2026/2/26,中部・西,,,,10/28右前乳房炎,
,1457419407,R3.12.16,2025/10/23,大楽毛,未経産,"175,000 ",2025/10/31,516 ,1-右-3,2025/10/29,2026/2/16,東日本,,,,"10/23 490kgでも受け入れ
●12/17 1-左-2から移動
1/31AM1k残",〇
,1562916754,R5.8.2,2025/10/24,幕別,未経産,"170,000 ",2025/11/1,530 ,1-右-4,2025/10/29,2026/2/6,東日本,,,,"●11/17 3-右-2から移動
11/17AM3k+ビタミン給餌
11/18AM4k+ビタミン給餌
●12/17 1-左-11から移動
12/23PM4k残
●12/27 1-右-13から移動
●1/27 3-左-4から移動
●1/29 3-左-5から移動
●2/8 3-左-6から移動",
,1505415825,R3.2.20,2025/10/24,幕別,,"171,000 ",2025/11/1,554 ,1-右-5,2025/10/29,2026/2/6,東日本,,,,"10/25PM座りがち
10/29PM配合食べない
11/18PM1k残
●11/21 3-右-2から移動
12/2AM1k残
12/3AM1.5k残
12/9PM1k残
12/11AM1.5k残
12/13AM1k残
12/18AM3k残
12/19AM3k残。2k給餌。
●12/27 1-右-10から移動
1/15AM2.5残
1/21AM1.5k残
1/23PM1k残
1/27AM1k残 PM1k残
●1/27 3-左-4から移動
●1/29 3-左-5から移動
2/4AM1k残
●2/8 3-左-6から移動
2/11PM1k残
2/13AM0.5k残 PM2k残
2/14～4k給餌
2/16～5k給餌",〇
死亡,1586708502,H30.12.14,2025/10/24,幕別,,"170,000 ",2025/11/1,630 ,2-左-2,2025/11/12,2025/11/30,,,,,,
,1609415905,R4.7.18,2025/10/28,幕別,,"208,000 ",2025/11/4,644 ,1-右-8,2025/11/12,2026/2/26,中部・西,,,,"12/2AM両首怪我。スタンチョンに入らない。
●12/3 3-右-6から移動",
出荷,0873108377,R4.1.17,2025/10/29,旭川,,"180,000 ",2025/11/4,600 ,2-左-2,2025/11/16,2026/2/16,東日本,770 ,349 ,900 ,●12/27 2-右-2から移動,
,1438220947,R4.6.13,2025/10/29,中標津,,"194,000 ",2025/11/4,662 ,3-右-6,2025/11/12,,,,,,"1/20PM左後足
1/21AM3k残 PM2.5k残
1/31AM2k残
2/7AM2k残
2/10PM1k残
2/13AM1k残 PM1k残",〇
,1585810879,H31.2.6,2025/10/29,中標津,,"181,000 ",2025/11/4,594 ,3-左-1,2025/11/16,,,,,,"●12/27 2-右-2から移動
1/23AM左前乳房炎
●1/27 2-左-3から移動",
,1462120800,R4.6.28,2025/10/29,中標津,,"206,000 ",2025/11/4,608 ,3-右-6,2025/11/12,,,,,,"1/21AM1k残
1/23AM1k残
1/27AM1k残
1/28AM1k残
1/29AM2k残 PM1.5k残
1/31AM3k残
2/4AM1k残
2/7AM5k残 PM1k残
2/14AM1k残",
死亡,1401525192,H30.7.2,2025/10/29,中標津,,"198,000 ",2025/11/4,694 ,1-右-2,2025/11/16,2025/12/29,,,,,,
,1591512699,R2.12.30,2025/10/29,中標津,,"134,000 ",2025/11/4,530 ,2-右-2,2025/11/12,,,,,,●2/17 2-左-2から移動,
,1612311676,R2.6.27,2025/10/29,中標津,右後脚痛めている,"202,000 ",2025/11/4,636 ,3-右-6,2025/11/12,,,,,,"12/22AM2.5k残PM右後脚痛めている。2k残
12/23PM1.5k残
12/24AM1k残
1/10AM1k残
1/20AM1k残 PM1.5k残
1/21AM3k残 PM2.5k残
1/23AM2k残 PM2k残
1/28AM1k残 PM2.5k残
1/29AM1.5k残 PM2k残
1/31AM2k残
2/3AM2k残 PM1.5k残
2/4AM1.5k残 PM1k残
2/7AM4k残 PM1k残
2/10AM1k残 PM4k残
2/11AM3.5k残 PM4k残
2/12AM4k残 PM2k残
2/13AM3k残 PM2k残
2/14AM2k残
2/16AM3k残 PM3.5k残
2/17AM5k残 PM3.5k残
2/18AM5k残",〇
,1396102170,H31.3.30,2025/11/5,中標津,,"161,000 ",2025/11/10,588 ,3-右-5,2025/11/22,,,,,,●1/27 3-右-3から移動,
,1589807998,R1.11.15,2025/11/5,中標津,授精歴あり,"175,000 ",2025/11/10,602 ,3-右-5,2025/11/22,,,,,,"11/19PM草食い悪い
11/26PM1k残
12/13AM1.5k残
●1/27 3-右-3から移動
2/7AM4k残
2/11AM1.5k残 PM1k残
2/13AM0.5k残
2/14AM2k残",〇
出荷,1639492396,R4.11.30,2025/11/5,中標津,,"162,000 ",2025/11/10,578 ,2-右-3,2025/11/16,2026/2/16,東日本,680 ,335 ,900 ,●12/27 2-右-2から移動,
出荷,1448519697,R4.5.12,2025/11/5,中標津,,"170,000 ",2025/11/10,574 ,2-左-2,2025/11/12,2026/2/10,東・西,710 ,362 ,900 ,11/27AM食べない,
,1486819971,R5.12.6,2025/11/6,大楽毛,,"131,000 ",2025/11/10,518 ,3-右-4,2025/11/25,,,,,,●1/27 3-右-2から移動,
,1462616662,R3.6.6,2025/11/6,大楽毛,,"182,000 ",2025/11/10,664 ,3-右-5,2025/11/22,,,,,,"12/12PM1.5k残
●1/27 3-右-3から移動",
淘汰,1386523183,R2.6.14,2025/11/6,大楽毛,,"172,000 ",2025/11/10,600 ,1-右-13,2025/11/22,2026/1/14,,,,,,
出荷,1441920148,R3.8.28,2025/11/7,幕別,,"195,000 ",2025/11/10,644 ,2-左-2,2025/11/12,2026/2/10,東・西,764 ,337 ,900 ,11/27AM食べない,
,1634891743,R4.2.17,2025/11/12,中標津,,"190,000 ",2025/11/17,544 ,3-右-4,2025/11/25,,,,,,"1/21AM2k残
●1/27 3-右-2から移動
2/7AM2k残
2/10AM1k残",
,1498812731,H30.6.12,2025/11/12,中標津,,"157,000 ",2025/11/17,688 ,2-左-1,2025/11/27,,,,,,"1/23AMあまり食べていない
2/3PMあまり食べていない。左右前乳房炎
●2/5 2-右-4から移動
2/13AM1k残",〇
,1364079961,R2.5.14,2025/11/12,中標津,,"151,000 ",2025/11/17,606 ,3-右-4,2025/11/25,,,,,,"12/13PM1.5k残
1/21AM1k残
●1/27 3-右-2から移動
2/12AM2k残",
,1488715240,R1.6.23,2025/11/12,中標津,,"129,000 ",2025/11/17,606 ,2-右-4,2025/11/27,,,,,,"金額修正151,000→129,000",
,1440617872,R2.12.18,2025/11/12,中標津,,"196,000 ",2025/11/17,662 ,1-右-11,2025/11/25,,,,,,"12/9PM2.5k残
12/13AM3k残
12/16AM6kスタンチョンに入らない。
●12/17 3-右-2から移動
12/16AMPM全く食べず。震え鼻水。
12/17PM草
12/18AM1k給餌+ビタミン PM草
12/19 1k給餌
12/23PM3k残
1/10PM1k残
●1/13 1-右-12から移動
1/13PM1.5k残
1/23PM2k残",〇
,1404221367,R1.6.18,2025/11/12,中標津,,"184,000 ",2025/11/17,682 ,2-右-4,2025/11/27,,,,,,,
,1370900877,R3.11.10,2025/11/18,幕別,,"190,000 ",2025/11/26,632 ,2-右-4,2025/11/27,,,,,,,
,1479116179,R2.9.15,2025/11/19,中標津,,"158,000 ",2025/11/26,534 ,1-バラ-左,2025/11/27,,,,,,12/19AM左後漏乳,
,1407105398,H28.8.1,2025/11/19,中標津,,"169,000 ",2025/11/26,552 ,1-右-6,2025/12/4,,,,,,"●12/27 2-右-1から移動
1/10AM食い負け気味
2/11PM右前後左後乳房炎。少ししか食べない。
2/17AM全く食べず。2/11～おそらく1kずつしか食べていない。
●2/17 2-右-2から移動
2/18～草給与",〇
,1498812656,H30.5.13,2025/11/19,中標津,,"171,000 ",2025/11/26,698 ,1-バラ-左,2025/11/27,,,,,,,
,1663813280,R4.8.17,2025/11/19,中標津,,"117,000 ",2025/11/26,482 ,1-バラ-左,2025/11/27,,,,,,,
,1440617261,R2.7.27,2025/11/20,大楽毛,,"181,000 ",2025/11/26,612 ,2-右-2,2025/12/4,,,,,,"12/17PM食い負け
●12/27 2-右-1から移動",
,0867133958,H30.7.3,2025/11/20,大楽毛,,"138,000 ",2025/11/26,554 ,2-右-2,2025/12/4,,,,,,●12/27 2-右-1から移動,
,1576114511,R5.8.9,2025/11/20,大楽毛,,"183,000 ",2025/11/26,590 ,2-右-2,2025/12/4,,,,,,●12/27 2-右-1から移動,
,1667959342,R5.2.7,2025/11/21,幕別,,"171,000 ",2025/11/26,522 ,1-バラ-左,2025/11/27,,,,,,1/31AM左右前乳房炎,
,1539114756,R4.3.2,2025/11/26,旭川,,"199,000 ",2025/12/1,600 ,1-右-2,2025/12/4,,,,,,"1/14AMスタンチョンに入らない。0.5残。
1/17PM2k残
1/19AM1k残 PM右首腫れ。震え。
1/20AM1.5k残 PM1k残
1/21PM2k残
●1/21 3-右-5から移動",
,1479824036,R5.8.14,2025/11/26,中標津,,"153,000 ",2025/12/1,485 ,1-右-7,2025/12/4,,,,,,"末下さんお勧め
12/25AM1k残
1/10AM2k残
1/14AMスタンチョンに入らない。0.8残。
1/15AMスタンチョンに全く入らない。6残。両首の腫れ。
●1/16 3-右-5から移動",〇
,1545807871,H30.11.8,2025/11/26,中標津,授精歴あり,"181,000 ",2025/12/1,608 ,2-左-4,2025/12/9,,,,,,●2/8 2-左-4から移動,
,1556411968,R2.2.11,2025/11/26,中標津,,"128,000 ",2025/12/1,536 ,3-右-1,2025/12/9,,,,,,"●12/17 1-左-6から移動
●1/7 1-右-4から移動
1/10AM1k残
1/11AM2k残PM1k残
1/20AM1k残 PM1.5k残
1/21AMスタンチョンに入らない。6k残。右後乳房炎。
PM6k残
1/22AM1k残",
,1455814884,H30.10.5,2025/11/26,中標津,,"161,000 ",2025/12/1,680 ,2-左-4,2025/12/9,,,,,,"1/13PM食い負け
1/14AM呼吸若干早い PM配合給与時座っていた。食べない。
1/15AM食べていない。
●2/8 2-左-4から移動",
,1384322863,R3.7.30,2025/11/26,中標津,,"185,000 ",2025/12/1,616 ,2-左-4,2025/12/9,,,,,,●2/8 2-左-4から移動,
,1382423890,H29.2.11,2025/11/27,大楽毛,,"173,000 ",2025/12/1,652 ,3-右-5,2025/12/4,,,,,,,
,1483015284,R2.8.12,2025/11/27,大楽毛,,"195,000 ",2025/12/1,630 ,3-右-6,2025/12/4,,,,,,"12/22AM0.3k残PM15k残
12/24AM1k残
1/10AM1k残
1/14AM5残
1/15AM1残
1/20AM1k残PM1k残
1/21AM1.5k残 PM4k残
1/23AM1k残 PM1k残
●1/27 3-右-5から移動
1/29AM1k残 PM1k残
1/31AM4k残
2/3AM1k残 PM1k残
2/7AM3k残
2/10AM1k残
2/11AM1k残
2/12AM2k残 PM1k残
2/13AM1k残
2/14AM2k残
2/16AM1k残 PM1k残
2/18AM1.5k残",〇
,1672121154,R5.2.11,2025/11/27,大楽毛,,"158,000 ",2025/12/1,530 ,2-左-4,2025/12/9,,,,,,●2/8 2-左-4から移動,
,1422098743,R4.2.23,2025/12/3,旭川,,"208,000 ",2025/12/8,610 ,1-左-3,2025/12/18,,,,,,●2/8 1-左-4から移動,
,1392281794,R4.4.16,2025/12/3,旭川,,"192,000 ",2025/12/8,630 ,1-左-5,2025/12/18,,,,,,●2/8 1-左-8から移動,
淘汰,0865491401,H30.3.18,2025/12/3,旭川,,"180,000 ",2025/12/8,610 ,1-左-7,2025/12/18,2026/2/5,,,,,"12/20（体測時）左後四節腫れ
12/24PM0.5残
1/10AM1残 PM4k残→2k給餌
1/11AM2残→草 PM草
1/12AM草 PM与3
1/13PM1.5残→与3+ビタミン
1/14AM0残→与3+ビタミン
PM1残→与3+ビタミン
1/15AM0.5残→与3+α+ビタミン
1/19PM1/4k残
1/20AM2/3k残。草給餌。
1/21AMPM1+重曹
1/31AM1/2k残",〇
,1479116001,R2.7.6,2025/12/3,中標津,,"165,000 ",2025/12/8,586 ,1-左-2,2025/12/18,,,,,,,
,1548009500,H29.9.28,2025/12/3,中標津,,"162,000 ",2025/12/8,708 ,1-左-1,2025/12/18,,,,,,,
淘汰,1436117034,H29.9.11,2025/12/3,中標津,,"138,000 ",2025/12/8,584 ,1-左-3,2025/12/18,2026/2/5,,,,,"1/23PM5k残
1/31AM1/2k残 左右前ひどい乳房炎",〇
,1452817116,R2.10.31,2025/12/3,中標津,,"190,000 ",2025/12/8,648 ,1-左-4,2025/12/18,,,,,,"1/19PM3/6k残
1/20AM1/3k残。2k給餌。
1/21AMPM1+ビタミン
1/23PM4k残
●2/8 1-左-6から移動",〇
,1587013056,R3.8.24,2025/12/3,中標津,,"149,000 ",2025/12/8,598 ,3-右-1,2025/12/18,,,,,,"●1/7 1-左-5から移動
1/21AM2k残",
,1496217200,R3.2.21,2025/12/8,大楽毛,,"150,000 ",2025/12/15,550 ,3-左-4,2025/12/22,,,,,,"●12/27 1-左-14から移動
●1/29 3-左-3から移動",
,0871038355,R3.5.20,2025/12/8,大楽毛,未経産,"181,000 ",2025/12/15,608 ,1-左-7,2025/12/18,,,,,,●2/8 1-左-11から移動,
,1522603441,R3.6.28,2025/12/10,旭川,,"189,000 ",2025/12/15,540 ,3-左-4,2025/12/24,,,,,,"●12/27 1-左-13から移動
1/22AM1k残
1/23AM2k残 PM1.5k残
1/27AM1k残 PM6k残
1/28AM2k残 PM1k残
●1/29 3-左-3から移動",
,1526703550,R4.5.29,2025/12/10,中標津,,"180,000 ",2025/12/15,600 ,3-左-4,2025/12/24,,,,,,"●1/7 1-左-12から移動
●1/29 3-左-3から移動",
,1655985643,R4.5.12,2025/12/10,中標津,,"113,000 ",2025/12/15,542 ,1-左-6,2025/12/18,,,,,,●2/8 1-左-10から移動,
,1468652510,R2.4.25,2025/12/10,中標津,,"161,000 ",2025/12/15,626 ,1-右-10,2025/12/24,,,,,,●2/8 1-左-16から移動,
,1557625340,R5.2.4,2025/12/10,中標津,,"157,000 ",2025/12/15,534 ,3-左-4,2025/12/24,,,,,,●1/29 3-左-3から移動,
,1662602755,R4.8.3,2025/12/11,大楽毛,,"176,000 ",2025/12/15,594 ,3-左-1,2025/12/18,,,,,,"●1/7 1-左-9から移動
1/10AM2k残PM2k残
1/11AM2k残",
,1548205773,R2.3.4,2025/12/11,大楽毛,,"188,000 ",2025/12/15,676 ,1-左-11,2025/12/25,,,,,,●2/8 1-左-15から移動,
,1617906662,R5.4.26,2025/12/17,旭川,●,"158,000 ",2025/12/22,570 ,2-右-1,2025/12/31,,,,,,,
,1368848488,R2.11.29,2025/12/17,旭川,授精歴あり,"154,000 ",2025/12/22,620 ,3-左-3,2025/12/31,,,,,,"1/11PM1k残
●1/29 3-左-2から移動
2/4AM1k残
2/7AM4k残 PM2k残",
,1389231092,R4.7.2,2025/12/17,中標津,授精歴あり,"166,000 ",2025/12/22,626 ,2-右-1,2025/12/31,,,,,,,
,1458918848,H31.4.4,2025/12/17,中標津,,"181,000 ",2025/12/22,706 ,1-左-10,2025/12/31,,,,,,●2/8 1-左-14から移動,
,1557411622,H31.3.6,2025/12/17,中標津,,"148,000 ",2025/12/22,598 ,1-左-9,2025/12/31,,,,,,"12/27PM右後足痛そう
●2/8 1-左-13から移動",
,1619325508,R2.8.8,2025/12/17,中標津,,"160,000 ",2025/12/22,622 ,3-左-3,2025/12/31,,,,,,●1/29 3-左-2から移動,
,1569813698,R3.12.25,2025/12/17,中標津,授精歴あり,"172,000 ",2025/12/22,566 ,3-左-3,2025/12/31,,,,,,●1/29 3-左-2から移動,
,1388426642,R2.1.15,2025/12/18,大楽毛,,"180,000 ",2025/12/22,740 ,2-右-1,2025/12/31,,,,,,1/21AM食い負け,
,0857370370,H29.7.8,2025/12/18,大楽毛,,"158,000 ",2025/12/22,650 ,3-左-3,2025/12/31,,,,,,"1/19AM2k残。後左右乳房炎 PM5k残
1/20AM5k残 PM3.5k残
1/21AM2.5 PM2
1/22AM2k残
●1/29 3-左-2から移動",
,1486230400,R4.12.23,2025/12/19,幕別,●,"190,000 ",2025/12/25,508 ,2-右-1,2025/12/31,,,,,,,
,1502214575,R2.11.16,2026/1/7,旭川,●,"182,000 ",2026/1/13,580 ,1-右-13,2026/1/21,,,,,,,
,1646107900,R3.7.27,2026/1/7,旭川,,"211,000 ",2026/1/13,650 ,1-バラ-右,2026/1/17,,,,,,,
,1672210056,R5.3.24,2026/1/7,中標津,●,"159,000 ",2026/1/13,538 ,1-バラ-右,2026/1/17,,,,,,"1/30AM食べない PM食べない
1/31AM食べない",
,1386242299,R3.10.3,2026/1/7,中標津,●,"199,000 ",2026/1/13,622 ,1-バラ-右,2026/1/17,,,,,,,
,1372832947,R3.1.20,2026/1/7,中標津,授精歴あり,"151,000 ",2026/1/13,654 ,1-右-12,2026/1/21,,,,,,2/3AM左前乳房炎,
,1611535196,R2.11.11,2026/1/8,大楽毛,,"174,000 ",2026/1/13,626 ,1-バラ-右,2026/1/17,,,,,,,
,1643149224,R3.8.31,2026/1/14,中標津,●,"187,000 ",2026/1/19,566 ,3-右-3,2026/1/28,,,,,,2/12AM1k残,
,1609750051,R1.10.30,2026/1/14,中標津,,"187,000 ",2026/1/19,656 ,3-右-2,2026/1/28,,,,,,,
,1389162891,R3.12.20,2026/1/14,中標津,●,"185,000 ",2026/1/19,532 ,3-右-2,2026/1/28,,,,,,,
,1408170111,R5.1.24,2026/1/14,中標津,授精歴あり,"186,000 ",2026/1/19,554 ,3-右-3,2026/1/28,,,,,,"2/11AMスタンチョンに入らない。6k残。PM4k残
2/12AM2k残 PM1k残
2/13AM1.5k残
2/16PM1k残
2/17PM1k残
2/18AM1k残",〇
,1670200448,R4.11.21,2026/1/14,中標津,授精歴あり●,"195,000 ",2026/1/19,534 ,3-右-3,2026/1/28,,,,,,"2/16AM5k残 PM6k残
2/17AM1.5k残",〇
,1538530526,R3.12.24,2026/1/15,大楽毛,腹不明●,"201,000 ",2026/1/19,606 ,3-左-5,2026/1/28,,,,,,"●1/29 3-左-4から移動
2/10AM1k残
2/12AM2k残",
,1448322136,R5.6.28,2026/1/15,大楽毛,,"164,000 ",2026/1/19,506 ,3-右-3,2026/1/28,,,,,,"2/10AM1k残 PM6k残。
2/11AM2k残 PM4k残
2/12AM1k残 PM1k残",〇
,1616313140,R5.2.1,2026/1/15,大楽毛,●,"181,000 ",2026/1/19,574 ,3-左-5,2026/1/28,,,,,,"●1/29 3-左-4から移動
2/12AM1k残",
,0869225712,R2.3.25,2026/1/15,大楽毛,,"184,000 ",2026/1/19,692 ,3-右-2,2026/1/28,,,,,,2/10PM1k残,
,1415219704,H31.4.3,2026/1/15,大楽毛,,"201,000 ",2026/1/19,688 ,3-右-2,2026/1/28,,,,,,,
,1352191743,H31.3.12,2026/1/21,旭川,,"181,000 ",2026/1/26,550 ,1-右-16,2026/2/4,,,,,,2/17PM6k残。右前後乳房炎。2/17PM～草給与,〇
,1603520216,R1.9.14,2026/1/21,中標津,,"179,000 ",2026/1/26,582 ,1-右-14,2026/2/4,,,,,,,
,1406527542,R4.3.11,2026/1/21,中標津,,"188,000 ",2026/1/26,570 ,3-左-2,2026/2/4,,,,,,,
,1460221042,R5.3.22,2026/1/21,中標津,,"173,000 ",2026/1/26,586 ,1-右-15,2026/2/4,,,,,,,
,1616845092,R2.6.2,2026/1/21,中標津,,"196,000 ",2026/1/26,668 ,3-左-2,2026/2/4,,,,,,,
,1668727001,R5.2.20,2026/1/21,中標津,,"195,000 ",2026/1/26,642 ,3-左-2,2026/2/4,,,,,,,
,1613004331,R3.5.15,2026/1/22,大楽毛,●,"172,000 ",2026/1/26,596 ,3-左-5,2026/1/28,,,,,,"●1/29 3-左-4から移動
2/11AM1k残",
,1653009860,R3.12.26,2026/1/22,大楽毛,,"176,000 ",2026/1/26,656 ,3-左-5,2026/1/28,,,,,,●1/29 3-左-4から移動,
,1388030214,R4.7.29,2026/1/22,大楽毛,,"171,000 ",2026/1/26,570 ,3-左-2,2026/2/4,,,,,,"2/17PM1k残
2/18AM1k残",〇
,1550813171,R2.9.29,2026/1/28,中標津,,"181,000 ",2026/2/2,610 ,1-左-15,2026/2/11,,,,,,,
,1491416257,R3.9.21,2026/1/28,中標津,,"196,000 ",2026/2/2,556 ,1-左-13,2026/2/11,,,,,,,
,1633143263,R4.6.1,2026/1/28,中標津,,"201,000 ",2026/2/2,608 ,1-左-12,2026/2/11,,,,,,,
,1561915130,R5.9.3,2026/1/28,中標津,授精歴あり,"189,000 ",2026/2/2,500 ,1-左-16,2026/2/11,,,,,,,
,0871869119,R5.4.18,2026/1/29,大楽毛,,"164,000 ",2026/2/2,520 ,1-左-14,2026/2/11,,,,,,,
,1685209962,R5.7.27,2026/2/4,旭川,,"210,000 ",2026/2/9,680 ,3-左-6,2026/2/14,,,,,,,
,1625007504,R2.12.2,2026/2/4,中標津,,"203,000 ",2026/2/9,628 ,2-左-3,2026/2/18,,,,,,,
,1435619850,R4.4.11,2026/2/4,中標津,,"169,000 ",2026/2/9,504 ,2-左-3,2026/2/18,,,,,,,
,1584525156,R4.3.2,2026/2/4,中標津,授精歴あり,"200,000 ",2026/2/9,578 ,3-左-6,2026/2/14,,,,,,,
,1521212880,R1.7.7,2026/2/4,中標津,授精歴あり,"181,000 ",2026/2/9,628 ,3-左-6,2026/2/14,,,,,,,
,1463706157,H31.4.12,2026/2/4,中標津,,"202,000 ",2026/2/9,662 ,1-右-1,2026/2/18,,,,,,,
,0870535411,R3.10.1,2026/2/5,大楽毛,,"189,000 ",2026/2/9,610 ,3-左-6,2026/2/14,,,,,,,
,1619809046,R2.1.23,2026/2/5,大楽毛,,"166,000 ",2026/2/9,570 ,2-左-3,2026/2/18,,,,,,,
,1437423240,R5.6.14,2026/2/11,旭川,,"191,000 ",2026/2/1,580 ,乾乳,2026/2/25,,,,,,,
,1397629683,R3.2.1,2026/2/11,旭川,,"187,000 ",2026/2/1,550 ,乾乳,2026/2/25,,,,,,,
,1470404015,R1.8.13,2026/2/12,大楽毛,,"208,000 ",2026/2/1,686 ,乾乳,2026/2/26,,,,,,,
,1408154852,R4.5.28,2026/2/12,大楽毛,,"183,000 ",2026/2/1,566 ,乾乳,2026/2/26,,,,,,,
,1555212481,R2.1.16,2026/2/12,大楽毛,,"198,000 ",2026/2/1,614 ,乾乳,2026/2/26,,,,,,,
