ステータス,個体識別番号,生年月日,導入日,市場,コメント,落札金額,購買日,導入時,牛舎,オメガ開始日,屠畜日,行先,出荷時体重,枝重,単価,注目,注意,注視
淘汰,1634161730,R3.6.25,2024/6/19,中標津,,"170,000 ",2024/6/24,,,,2025/4/9,,,,,,,
出荷,1440523883,R3.7.12,2024/9/25,中標津,,,2024/9/30,555 ,,,2025/5/12,東日本,650 ,314 ,830,,,
出荷,1609513144,R4.8.23,2024/9/25,中標津,,,2024/9/30,545 ,,2024/10/2,2025/4/14,東日本,660 ,306 ,830,,,
出荷,1665751986,R4.10.1,2024/9/26,大楽毛,,,2024/9/30,550 ,,2024/10/3,2025/5/29,中部・西,670 ,332 ,830,,,
出荷,1562213655,R3.10.24,2024/10/9,中標津,,,2024/10/15,580 ,,,2025/4/21,東日本,665 ,307 ,830,,,
出荷,1548410849,H30.7.11,2024/11/27,中標津,,,2024/12/2,610 ,,2024/12/24,2025/4/1,東・西,775 ,355 ,830,,,
出荷,1446812998,H28.6.14,2024/11/27,中標津,,,2024/12/2,600 ,,2024/12/2,2025/4/10,中部・西,750 ,356 ,830,,,
出荷,1377537083,R4.7.6,2024/12/4,中標津,,"158,000 ",2024/12/9,535 ,,2024/12/21,2025/9/30,東日本,700 ,338 ,900,,,
出荷,1576011063,H31.2.19,2024/12/4,旭川,,,2024/12/9,600 ,,2025/1/6,2025/4/7,東日本,740 ,351 ,830,,,
出荷,1534911862,H30.1.14,2024/12/4,中標津,,,2024/12/9,660 ,,2024/12/24,2025/4/1,東・西,745 ,367 ,830,,,
出荷,1601608787,R2.4.15,2024/12/4,中標津,,,2024/12/9,660 ,,2024/12/21,2025/4/3,中部・西,780 ,398 ,830,,,
出荷,1493907906,H28.1.14,2024/12/4,中標津,,,2024/12/9,670 ,,2024/12/21,2025/4/3,中部・西,775 ,409 ,830,,,
出荷,1408145843,R2.10.19,2024/12/4,中標津,,,2024/12/9,595 ,,2024/12/21,2025/4/3,中部・西,715 ,353 ,830,,,
出荷,1619909890,R2.5.10,2024/12/10,幕別,,,2024/12/27,600 ,,2025/1/6,2025/4/15,東・西,770 ,390 ,830,,,
出荷,1499314135,R2.10.31,2024/12/11,旭川,,,2024/12/16,590 ,,2024/12/24,2025/5/13,東日本,655 ,302 ,830,,,
出荷,1478606428,H30.3.21,2024/12/11,旭川,,,2024/12/16,565 ,,2024/12/21,2025/5/15,中部・西,645 ,309 ,830,,,
出荷,1595109741,H31.4.15,2024/12/11,旭川,,,2024/12/16,650 ,,2025/1/6,2025/4/14,東日本,690 ,318 ,830,,,
出荷,1386197858,R3.8.12,2024/12/11,中標津,,,2024/12/16,620 ,,2024/12/21,2025/4/8,東・西,770 ,392 ,830,,,
出荷,1372567078,R4.7.5,2024/12/11,中標津,,,2024/12/16,560 ,,2024/12/21,2025/4/14,東日本,690 ,338 ,830,,,
出荷,1482328149,R3.10.19,2024/12/11,中標津,,,2024/12/16,610 ,,2024/12/21,2025/4/15,東日本,705 ,362 ,830,,,
出荷,1466715408,R1.12.25,2024/12/17,豊富,,,2024/12/23,665 ,,2024/12/24,2025/4/8,東・西,795 ,384 ,830,,,
出荷,1422306800,H25.4.22,2024/12/17,豊富,,,2024/12/23,670 ,,2025/1/6,2025/4/15,東・西,740 ,346 ,830,,,
出荷,1423522032,R2.8.11,2024/12/18,旭川,,,2024/12/23,690 ,,2025/1/6,2025/4/17,中部・西,790 ,445 ,830,,,
出荷,1612109921,R2.7.29,2024/12/18,旭川,,,2024/12/23,630 ,,2024/12/24,2025/4/10,中部・西,735 ,351 ,830,,,
出荷,0864134040,H28.11.4,2024/12/18,中標津,,,2024/12/23,570 ,,2025/1/6,2025/4/7,東日本,680 ,301 ,830,,,
出荷,1387365447,R3.8.7,2024/12/18,中標津,,,2024/12/23,560 ,,2024/12/24,2025/4/10,中部・西,700 ,358 ,830,,,
出荷,1608511639,R2.12.31,2024/12/18,中標津,,,2024/12/23,600 ,,2025/1/6,2025/4/10,中部・西,740 ,366 ,830,,,
出荷,1374248142,R1.7.15,2024/12/18,中標津,,,2024/12/23,620 ,,2025/1/6,2025/4/15,東・西,775 ,374 ,830,,,
出荷,1393335229,R3.3.5,2024/12/19,大楽毛,,,2024/12/27,655 ,,2025/1/6,2025/4/14,東・西,685 ,321 ,830,,,
出荷,1540914536,R4.1.5,2024/12/20,幕別,,,2024/12/27,575 ,,2025/1/6,2025/4/7,東日本,670 ,339 ,830,,,
出荷,0867846711,H31.4.15,2024/12/25,中標津,,,2024/12/27,650 ,,2025/1/6,2025/4/17,中部・西,790 ,398 ,830,,,
出荷,1570600768,H30.3.16,2024/12/25,中標津,,,2024/12/27,700 ,,2025/1/6,2025/4/17,中部・西,815 ,398 ,830,,,
出荷,1514416325,R3.10.16,2025/1/8,旭川,,,2025/1/14,615 ,,2025/1/21,2025/5/8,中部・西,795 ,407 ,830,,,
出荷,1629310136,R2.12.16,2025/1/8,中標津,,,2025/1/14,785 ,,2025/1/21,2025/4/23,中部・西,890 ,463 ,830,,,
出荷,1443014333,H29.11.29,2025/1/8,中標津,,,2025/1/14,735 ,,2025/1/31,2025/5/8,中部・西,730 ,388 ,830,,,
出荷,0865459906,H30.12.4,2025/1/8,中標津,,,2025/1/14,720 ,,2025/1/21,2025/4/23,中部・西,810 ,405 ,830,,,
出荷,1364245816,R3.5.7,2025/1/8,中標津,,,2025/1/14,585 ,,2025/1/21,2025/4/24,東日本,670 ,338 ,830,,,
出荷,1599514282,R4.10.6,2025/1/15,旭川,,,2025/1/20,545 ,,2025/1/21,2025/4/24,東日本,705 ,346 ,830,,,
出荷,1563389380,H30.6.22,2025/1/15,中標津,,,2025/1/20,665 ,,2025/1/21,2025/4/21,東日本,740 ,370 ,830,,,
出荷,1413320051,R3.5.22,2025/1/15,中標津,,,2025/1/20,690 ,,2025/1/21,2025/4/21,東日本,815 ,408 ,830,,,
出荷,1610710822,R2.4.6,2025/1/15,中標津,,,2025/1/20,630 ,,2025/1/31,2025/5/8,中部・西,730 ,371 ,830,,,
出荷,0869817757,R4.3.30,2025/1/22,旭川,,,2025/1/27,575 ,,2025/1/31,2025/5/7,東日本,675 ,325 ,830,,,
出荷,1592909665,R1.9.14,2025/1/22,旭川,,,2025/1/27,630 ,,2025/1/31,2025/5/8,中部・西,790 ,355 ,830,,,
出荷,1533414012,R4.2.25,2025/1/22,旭川,,,2025/1/27,630 ,,2025/1/31,2025/5/13,東日本,700 ,371 ,830,,,
出荷,1551105657,R3.2.26,2025/1/22,中標津,,,2025/1/27,605 ,,2025/1/31,2025/5/7,東日本,680 ,333 ,830,,,
出荷,1406161746,H30.2.8,2025/1/22,中標津,,,2025/1/27,650 ,,2025/1/31,2025/5/13,東日本,705 ,355 ,830,,,
出荷,1516292620,R3.8.9,2025/1/23,大楽毛,,"141,000 ",2025/1/27,605 ,,2025/1/31,2025/6/2,東日本,675 ,361 ,830,,,
出荷,1665783970,R4.8.20,2025/1/23,紋別,,,2025/1/27,510 ,,2025/1/31,2025/5/12,東日本,655 ,321 ,830,,,
出荷,1388649577,R3.2.26,2025/1/24,幕別,,,2025/2/10,625 ,,2025/1/29,2025/5/13,東・西,705 ,353 ,830,,,
出荷,1462718892,R4.10.19,2025/1/24,幕別,,"173,000 ",2025/2/10,530 ,,2025/1/29,2025/6/2,東日本,665 ,346 ,830,,,
出荷,1588212465,R3.3.14,2025/1/29,旭川,,"150,000 ",2025/1/31,620 ,,2025/3/7,2025/7/28,東日本,665 ,317 ,830,,,
出荷,1516257599,H29.3.21,2025/1/29,中標津,,"143,000 ",2025/1/31,630 ,,2025/3/7,2025/6/5,中部・西,740 ,364 ,830,,,
出荷,1435314090,H29.10.15,2025/1/29,中標津,,"155,000 ",2025/1/31,575 ,,2025/3/7,2025/6/5,中部・西,710 ,335 ,830,,,
出荷,1561910371,H30.6.20,2025/1/29,中標津,,"148,000 ",2025/1/31,685 ,,2025/3/7,2025/6/5,中部・西,800 ,406 ,830,,,
出荷,1584012342,R2.5.28,2025/1/29,中標津,,"132,000 ",2025/1/31,600 ,,2025/3/7,2025/6/5,中部・西,740 ,360 ,830,,,
出荷,1655395855,R4.4.29,2025/1/29,幕別,,,2025/2/10,575 ,,2025/2/8,2025/5/12,東日本,650 ,343 ,830,,,
淘汰,1608778919,R2.4.11,2025/2/5,中標津,,"162,000 ",,,,,2025/4/9,,,,,,,
出荷,1470118882,R4.9.23,2025/2/5,旭川,,"153,000 ",2025/2/10,600 ,,2025/2/15,2025/7/1,東・西,680 ,342 ,830,,,
出荷,1562908797,H29.6.30,2025/2/5,旭川,,"196,000 ",2025/2/10,700 ,,2025/3/7,2025/6/10,東・西,725 ,356 ,830,,,
出荷,1454517687,H29.9.2,2025/2/5,中標津,,,2025/2/10,745 ,,2025/2/15,2025/5/15,中部・西,720 ,343 ,830,,,
出荷,1368438719,R1.11.5,2025/2/5,中標津,,,2025/2/10,755 ,,2025/2/12,2025/5/15,中部・西,900 ,454 ,830,,,
出荷,1634824123,R3.4.10,2025/2/5,中標津,,"120,000 ",2025/2/10,545 ,,2025/3/7,2025/6/9,東日本,690 ,330 ,830,,,
出荷,1403204699,H28.12.7,2025/2/5,中標津,,"132,000 ",2025/2/10,610 ,,2025/3/7,2025/6/9,東日本,700 ,338 ,830,,,
出荷,1541907100,H31.3.30,2025/2/5,中標津,,"134,000 ",2025/2/10,565 ,,2025/3/7,2025/6/10,東・西,705 ,357 ,830,,,
出荷,1432425966,R4.1.19,2025/2/6,紋別,,,2025/2/10,620 ,,2025/2/13,2025/5/15,中部・西,830 ,408 ,830,,,
出荷,1467478371,R3.10.22,2025/2/12,中標津,,,2025/2/17,570 ,,2025/2/22,2025/5/27,東・西,665 ,335 ,850,,,
出荷,1555876515,H30.3.20,2025/2/12,中標津,,,2025/2/17,640 ,,2025/2/22,2025/5/29,中部・西,795 ,384 ,830,,,
出荷,0865297997,H30.9.18,2025/2/12,中標津,,,2025/2/17,650 ,,2025/3/7,2025/5/29,中部・西,750 ,371 ,830,,,
出荷,0865798470,R1.5.5,2025/2/12,中標津,,,2025/2/17,630 ,,2025/2/22,2025/5/29,中部・西,770 ,377 ,830,,,
出荷,0867595152,R3.11.18,2025/2/12,中標津,,"146,000 ",2025/2/17,570 ,,2025/2/22,2025/6/3,東・西,755 ,349 ,830,,,
出荷,1383924976,H29.7.14,2025/2/12,中標津,,"128,000 ",2025/2/17,630 ,,2025/3/7,2025/6/26,中部・西,845 ,389 ,830,,,
出荷,0867045213,R2.11.15,2025/2/13,紋別,,"159,000 ",2025/2/17,560 ,,2025/2/22,2025/9/8,東日本,665 ,301 ,900,,,
出荷,1660510267,R4.4.2,2025/2/18,幕別,,"182,000 ",2025/2/25,600 ,,2025/3/7,2025/6/30,中部・西,740 ,372 ,830,,,
出荷,1432722843,R4.8.31,2025/2/18,幕別,,"167,000 ",2025/2/25,585 ,,2025/3/7,2025/6/17,中部・西,675 ,341 ,830,,,
出荷,1426254206,R3.7.14,2025/2/18,幕別,,"170,000 ",2025/2/25,570 ,,2025/3/7,2025/7/1,東・西,750 ,390 ,830,,,
出荷,1608115127,R4.12.24,2025/2/18,幕別,,"163,000 ",2025/2/25,540 ,,2025/3/7,2025/7/3,中部・西,700 ,364 ,830,,,
出荷,1645087470,R4.6.11,2025/2/18,幕別,,"158,000 ",2025/3/3,605 ,,2025/3/7,2025/6/26,中部・西,800 ,366 ,830,,,
出荷,1625111423,R3.5.31,2025/2/19,旭川,,"176,000 ",2025/2/25,590 ,,2025/3/7,2025/6/9,東日本,705 ,339 ,830,,,
出荷,1634921495,R2.11.15,2025/2/19,中標津,,"166,000 ",2025/2/25,580 ,,2025/3/7,2025/6/10,東・西,690 ,347 ,830,,,
出荷,1504107387,H29.8.2,2025/2/19,中標津,,"147,000 ",2025/2/25,650 ,,2025/3/7,2025/6/10,東・西,805 ,397 ,830,,,
出荷,1402528499,R2.7.5,2025/2/19,中標津,,"145,000 ",2025/2/25,610 ,,2025/3/7,2025/6/12,中部・西,770 ,367 ,830,,,
出荷,1404302721,H30.2.27,2025/2/19,中標津,,"148,000 ",2025/2/25,660 ,,2025/3/7,2025/6/12,中部・西,755 ,355 ,830,,,
出荷,1476515753,R1.7.2,2025/2/19,中標津,,"170,000 ",2025/2/25,650 ,,2025/3/7,2025/7/1,東・西,720 ,332 ,830,,,
出荷,1410732680,R3.11.27,2025/2/19,中標津,,"175,000 ",2025/2/25,700 ,,2025/3/7,2025/7/3,中部・西,750 ,389 ,830,,,
出荷,1424619595,R3.1.8,2025/2/19,陸別NK,,"160,000 ",2025/3/3,630 ,,2025/3/7,2025/6/26,中部・西,805 ,408 ,830,,,
出荷,1658703268,R4.8.15,2025/2/19,旭川,,"166,000 ",2025/2/25,540 ,,2025/3/4,2025/7/1,東・西,695 ,362 ,830,,,
出荷,1459018240,R3.11.10,2025/2/20,土屋,,"175,000 ",2025/2/25,700 ,,2025/3/7,2025/6/12,中部・西,825 ,417 ,830,,,
出荷,1459018288,R3.11.23,2025/2/20,土屋,,"145,000 ",2025/2/25,640 ,,2025/3/7,2025/6/12,中部・西,805 ,407 ,830,,,
出荷,1574711019,R1.12.6,2025/2/21,幕別,,"175,000 ",2025/3/3,630 ,,2025/3/4,2025/6/2,東日本,805 ,396 ,830,,,
出荷,1395724236,R2.12.11,2025/2/26,中標津,,"178,000 ",2025/3/3,615 ,,2025/3/4,2025/6/2,東日本,765 ,383 ,830,,,
出荷,1515214753,R3.3.22,2025/2/26,中標津,,"156,000 ",2025/3/3,595 ,,2025/3/4,2025/6/3,東・西,730 ,370 ,830,,,
出荷,1511115610,R3.1.31,2025/2/26,中標津,,"121,000 ",2025/3/3,535 ,,2025/3/7,2025/7/3,中部・西,700 ,328 ,830,,,
出荷,1397318044,H28.7.21,2025/2/26,中標津,,"160,000 ",2025/3/3,610 ,,2025/4/22,2025/9/1,東日本,690 ,323 ,900,,,
出荷,1416916985,H29.9.18,2025/2/26,中標津,,"141,000 ",2025/3/3,535 ,,2025/3/7,2025/9/8,東日本,680 ,329 ,900,,,
出荷,0305610881,R4.5.21,2025/2/27,紋別,,"171,000 ",2025/3/3,625 ,,2025/3/7,2025/7/3,中部・西,760 ,375 ,830,,,
出荷,1562213280,R3.6.8,2025/2/28,幕別,,"167,000 ",2025/3/3,570 ,,2025/3/7,2025/6/26,中部・西,760 ,387 ,830,,,
出荷,1400430305,R4.5.28,2025/3/5,旭川,,"164,000 ",2025/3/10,550 ,,2025/3/14,2025/8/24,東日本,670 ,316 ,900,,,
出荷,1661610300,R4.10.30,2025/3/5,旭川,,"174,000 ",2025/3/10,550 ,,2025/4/5,2025/8/15,東・西,710 ,369 ,900,,,
出荷,1609112170,R4.5.2,2025/3/5,中標津,,"152,000 ",2025/3/10,540 ,,2025/3/14,2025/8/24,東日本,700 ,289 ,830,,,
出荷,0868482857,R3.12.11,2025/3/6,大楽毛,,"168,000 ",2025/3/10,570 ,,2025/3/14,2025/9/8,東日本,670 ,314 ,900,,,
出荷,1636947370,R3.8.1,2025/3/6,大楽毛,,"160,000 ",2025/3/10,545 ,,2025/3/14,2025/9/8,東日本,650 ,311 ,900,,,
出荷,1679435018,R5.3.4,2025/3/12,旭川,,"153,000 ",2025/3/17,530 ,,2025/3/28,2025/9/1,東日本,670 ,312 ,900,,,
出荷,1627013978,R3.3.27,2025/3/12,中標津,,"177,000 ",2025/3/17,580 ,,2025/3/28,2025/7/7,東日本,720 ,348 ,830,,,
出荷,1395502636,H29.6.16,2025/3/12,中標津,,"158,000 ",2025/3/17,665 ,,2025/3/28,2025/7/7,東日本,755 ,374 ,830,,,
出荷,0862636171,R1.6.29,2025/3/12,中標津,,"162,000 ",2025/3/17,655 ,,2025/4/5,2025/7/7,東日本,705 ,335 ,830,,,
出荷,1482215531,H31.1.12,2025/3/12,中標津,,"129,000 ",2025/3/17,620 ,,2025/3/28,2025/8/15,東・西,725 ,343 ,900,,,
出荷,1374326512,R2.12.30,2025/3/12,中標津,,"160,000 ",2025/3/17,590 ,,2025/4/22,2025/9/1,東日本,680 ,329 ,900,,,
出荷,1455016400,R1.9.3,2025/3/19,旭川,,"182,000 ",2025/3/24,640 ,,2025/4/5,2025/7/8,東・西,695 ,341 ,830,,,
出荷,1659233931,R4.4.18,2025/3/19,中標津,,"169,000 ",2025/3/24,580 ,,2025/4/5,2025/7/7,東日本,730 ,344 ,830,,,
出荷,1655824058,R3.9.21,2025/3/19,中標津,,"160,000 ",2025/3/24,600 ,,2025/4/5,2025/7/8,東・西,710 ,348 ,830,,,
出荷,1402128279,R4.3.22,2025/3/19,中標津,,"171,000 ",2025/3/24,605 ,,2025/4/5,2025/7/8,東・西,695 ,340 ,830,,,
出荷,1556363700,H31.3.16,2025/3/19,中標津,,"162,000 ",2025/3/24,615 ,,2025/4/5,2025/7/10,中部・西,740 ,358 ,830,,,
出荷,0868510819,R1.5.13,2025/3/19,中標津,,"162,000 ",2025/3/24,700 ,,2025/4/5,2025/7/8,東・西,740 ,360 ,830,,,
出荷,1548507723,H30.11.7,2025/3/26,旭川,,"180,000 ",2025/3/31,560 ,,2025/4/22,2025/7/22,東日本,735 ,351 ,830,,,
出荷,1685210036,R5.9.4,2025/3/26,旭川,,"157,000 ",2025/3/31,530 ,,2025/4/5,2025/9/9,東・西,610 ,315 ,900,,,
出荷,1525620650,R3.9.15,2025/3/26,旭川,,"181,000 ",2025/3/31,590 ,,2025/4/5,2025/9/2,東・西,695 ,337 ,900,,,
出荷,0865770063,R2.9.1,2025/3/26,旭川,,"165,000 ",2025/3/31,600 ,,2025/4/16,2025/7/22,東日本,700 ,343 ,830,,,
出荷,1566414201,R3.7.3,2025/3/26,旭川,,"140,000 ",2025/3/31,530 ,,2025/4/14,2025/8/15,東・西,695 ,345 ,900,,,
出荷,1548812964,R2.2.12,2025/3/26,中標津,,"174,000 ",2025/3/31,565 ,,2025/4/5,2025/7/10,中部・西,745 ,369 ,830,,,
出荷,1679426726,R5.6.1,2025/3/26,中標津,,"137,000 ",2025/3/31,525 ,,2025/4/16,2025/9/25,東日本,690 ,357 ,900,,,
出荷,1423422035,R3.3.13,2025/3/28,大楽毛,,"154,000 ",2025/4/1,595 ,,2025/4/8,2025/7/10,中部・西,740 ,372 ,830,,,
出荷,0869226344,R2.6.27,2025/3/28,大楽毛,,"177,000 ",2025/4/1,705 ,,2025/4/16,2025/7/31,中部・西,775 ,408 ,830,,,
出荷,1619366617,R2.6.21,2025/3/28,大楽毛,,"190,000 ",2025/4/1,715 ,,2025/4/22,2025/8/21,中部・西,840 ,444 ,900,,,
出荷,1600612112,R3.5.1,2025/3/28,中標津,,"129,000 ",2025/4/1,615 ,,2025/4/8,2025/6/27,中部・西,720 ,321 ,830,,,
出荷,1528915449,R4.10.16,2025/3/28,幕別,,"192,000 ",2025/4/1,580 ,,2025/4/8,2025/7/10,中部・西,740 ,367 ,830,,,
出荷,1499114902,R3.5.14,2025/3/28,幕別,,"180,000 ",2025/4/1,600 ,,2025/4/16,2025/7/22,東日本,685 ,353 ,830,,,
出荷,1597814490,R2.3.1,2025/4/2,旭川,,"184,000 ",2025/4/7,700 ,,2025/4/16,2025/7/23,東・西,770 ,360 ,830,,,
出荷,1479714078,R1.7.3,2025/4/2,旭川,,"168,000 ",2025/4/7,620 ,,2025/4/22,2025/7/28,東日本,720 ,335 ,830,,,
淘汰,1591410148,R1.7.7,2025/4/2,旭川,,"206,000 ",2025/4/7,720 ,,2025/4/22,2025/4/28,,,,,,,
出荷,0864601689,R2.3.1,2025/4/2,旭川,,"174,000 ",2025/4/7,640 ,,2025/4/22,2025/7/28,東日本,675 ,335 ,830,,,
出荷,1481617138,R3.10.4,2025/4/2,中標津,,"156,000 ",2025/4/7,580 ,,2025/4/8,2025/8/15,東・西,675 ,321 ,900,,,
出荷,0870377592,R3.9.26,2025/4/2,中標津,,"167,000 ",2025/4/7,650 ,,2025/4/8,2025/7/11,東日本,760 ,385 ,830,,,
出荷,1589215335,H31.4.27,2025/4/2,中標津,,"177,000 ",2025/4/7,650 ,,2025/4/20,2025/7/28,東日本,720 ,360 ,830,,,
出荷,1612385622,R3.2.12,2025/4/2,中標津,,"160,000 ",2025/4/7,650 ,,2025/4/20,2025/8/18,東日本,740 ,326 ,900,,,
出荷,1635309506,R2.8.14,2025/4/2,中標津,,"141,000 ",2025/4/7,560 ,,2025/4/22,2025/10/7,東・西,705 ,338 ,900,,,
出荷,1560310509,H29.12.11,2025/4/9,旭川,,"217,000 ",2025/4/14,620 ,,2025/4/14,2025/7/22,東日本,710 ,357 ,830,,,
出荷,1562211668,R2.3.29,2025/4/9,旭川,,"184,000 ",2025/4/14,615 ,,2025/4/14,2025/7/23,東・西,755 ,369 ,830,,,
出荷,1564158787,H31.3.23,2025/4/9,旭川,,"165,000 ",2025/4/14,560 ,,2025/4/22,2025/8/18,東日本,695 ,318 ,900,,,
出荷,1508616144,R3.8.20,2025/4/9,中標津,,"173,000 ",2025/4/14,545 ,,2025/4/14,2025/8/21,中部・西,760 ,395 ,900,,,
出荷,1407965015,R3.6.9,2025/4/9,中標津,,"164,000 ",2025/4/14,565 ,,2025/4/20,2025/8/21,中部・西,740 ,374 ,900,,,
出荷,1600612327,R3.8.31,2025/4/9,中標津,,"164,000 ",2025/4/14,530 ,,2025/4/22,2025/10/6,東日本,680 ,335 ,900,,,
出荷,0869876792,R2.8.11,2025/4/9,中標津,,"186,000 ",2025/4/14,690 ,,2025/4/20,2025/8/21,中部・西,800 ,413 ,900,,,
出荷,1364242761,R3.7.24,2025/4/15,豊富,,"173,000 ",2025/4/21,560 ,,2025/4/22,2025/8/18,東日本,720 ,348 ,900,,,
出荷,0870038790,R2.9.14,2025/4/16,旭川,,"186,000 ",2025/4/21,650 ,,2025/4/22,2025/8/24,東日本,695 ,315 ,900,,,
出荷,0866964768,R3.9.11,2025/4/16,中標津,,"154,000 ",2025/4/21,510 ,,2025/4/22,2025/10/7,東・西,760 ,337 ,900,,,
出荷,0870431621,R3.9.10,2025/4/22,豊富,,"141,000 ",2025/4/28,555 ,,2025/5/2,2025/9/2,東・西,690 ,341 ,900,,,
出荷,1543218112,R5.4.1,2025/4/23,旭川,,"172,000 ",2025/4/28,540 ,,2025/5/2,2025/8/24,東日本,695 ,331 ,900,,,
出荷,1435403701,R3.9.26,2025/4/23,旭川,,"184,000 ",2025/4/28,625 ,,2025/5/14,2025/8/28,中部・西,780 ,391 ,900,,,
出荷,1580312118,R2.12.23,2025/4/23,旭川,,"213,000 ",2025/4/28,645 ,,2025/5/2,2025/8/28,中部・西,870 ,389 ,900,,,
淘汰,1579513151,R3.5.23,2025/4/23,中標津,,"181,000 ",2025/4/28,635 ,,,2025/5/12,,,,,,,
出荷,1508616250,R3.10.26,2025/4/23,中標津,,"148,000 ",2025/4/28,565 ,,2025/5/6,2025/8/18,東日本,725 ,359 ,900,,,
出荷,1571713542,R3.6.24,2025/4/23,中標津,,"166,000 ",2025/4/28,610 ,,2025/5/6,2025/8/26,東・西,750 ,354 ,900,,,
淘汰,1520014355,R1.11.12,2025/4/23,中標津,,"152,000 ",2025/4/28,540 ,,2025/5/6,2025/8/15,,,,,,,
出荷,1459019452,R3.10.1,2025/4/30,中標津,,"181,000 ",2025/5/7,665 ,,2025/5/6,2025/8/28,中部・西,790 ,410 ,900,,,
全廃,1485416430,R3.10.12,2025/4/30,中標津,,"168,000 ",2025/5/7,610 ,,2025/5/6,2025/6/9,,,,,,,
死亡,1521309658,H28.4.29,2025/4/30,旭川,,"195,000 ",2025/5/7,700 ,,2025/5/26,2025/6/5,,,,,,,
出荷,1424929793,R3.4.22,2025/4/30,旭川,,"192,000 ",2025/5/7,650 ,,2025/5/21,2025/9/4,中部・西,825 ,403 ,900,,,
出荷,1510516234,R3.11.19,2025/4/30,旭川,,"185,000 ",2025/5/7,630 ,,2025/5/6,2025/8/28,中部・西,760 ,365 ,900,,,
出荷,0867584514,R2.7.3,2025/4/30,旭川,,"163,000 ",2025/5/7,560 ,,2025/5/13,2025/10/28,東日本,706 ,333 ,900,,,
出荷,1657709414,R4.1.27,2025/4/30,旭川,,"176,000 ",2025/5/7,670 ,,2025/5/3,2025/10/27,東日本,708 ,329 ,900,,,
淘汰,1642709061,R3.6.5,2025/4/30,旭川,,"187,000 ",2025/5/7,680 ,,2025/5/6,2025/7/30,,,,,,,
出荷,1550414682,R3.9.5,2025/5/7,中標津,,"143,000 ",2025/5/12,530 ,,2025/5/24,2025/9/29,東日本,675 ,322 ,900,,,
淘汰,1524607553,R2.1.17,2025/5/7,旭川,,"183,000 ",2025/5/12,570 ,,,2025/5/26,,,,,,,
出荷,1624010512,R3.4.2,2025/5/7,旭川,,"161,000 ",2025/5/12,570 ,,2025/5/21,2025/9/9,東・西,700 ,328 ,900,,,
出荷,1523106804,H30.9.3,2025/5/14,旭川,,"173,000 ",2025/5/19,600 ,,2025/5/24,2025/8/26,東・西,710 ,328 ,900,,,
出荷,1663506182,R4.5.1,2025/5/14,旭川,,"176,000 ",2025/5/19,570 ,,2025/5/24,2025/9/9,東・西,690 ,319 ,900,,,
淘汰,1385026524,R2.5.22,2025/5/14,旭川,,"191,000 ",2025/5/19,650 ,,2025/5/26,2025/8/7,,,,,,,
全廃,1436117331,H29.12.16,2025/5/14,中標津,,"135,000 ",2025/5/19,590 ,,,2025/5/22,,,,,,,
淘汰,1415222841,R1.12.9,2025/5/14,中標津,,"173,000 ",2025/5/19,590 ,,2025/5/21,2025/7/14,,,,,,,
出荷,1368435961,R2.12.25,2025/5/14,中標津,,"205,000 ",2025/5/19,690 ,,2025/5/21,2025/9/10,中部・西,825 ,421 ,900,,,
出荷,1496712736,H29.9.19,2025/5/20,豊富,,"191,400 ",2025/5/26,670 ,,2025/5/24,2025/9/26,,850 ,403 ,900,,,
出荷,1476417323,R4.7.5,2025/5/20,幕別,,"165,000 ",2025/5/26,550 ,,2025/6/6,2025/9/30,東・西,710 ,335 ,900,,,
出荷,1379836412,H29.12.26,2025/5/21,中標津,,"176,000 ",2025/5/26,630 ,,2025/6/6,2025/9/18,中部・西,680 ,321 ,900,,,
出荷,1510075182,H29.5.4,2025/5/21,中標津,,"180,000 ",2025/5/26,615 ,,2025/6/6,2025/9/16,東・西,725 ,340 ,900,,,
出荷,1482819234,R3.5.21,2025/5/21,中標津,,"172,000 ",2025/5/26,585 ,,2025/6/6,2025/9/18,中部・西,775 ,366 ,900,,,
出荷,0869227020,R3.1.26,2025/5/22,大楽毛,,"189,000 ",2025/5/26,630 ,,2025/6/6,2025/9/18,中部・西,820 ,403 ,900,,,
出荷,1387530470,R2.3.1,2025/5/22,大楽毛,,"126,000 ",2025/5/26,530 ,1-右-9,2025/6/6,2025/11/21,東・西,668 ,338 ,900,,,
出荷,1397629591,R3.1.16,2025/5/28,旭川,,"202,000 ",2025/6/2,600 ,,2025/6/27,2025/10/6,東日本,670 ,305 ,900,,,
出荷,1494129574,R5.5.6,2025/5/28,旭川,,"218,000 ",2025/6/2,570 ,,2025/6/27,2025/10/6,東日本,660 ,329 ,900,,,
出荷,1396629615,R5.3.30,2025/5/28,旭川,,"190,000 ",2025/6/2,555 ,,2025/6/6,2025/9/29,東・西,675 ,341 ,900,,,
出荷,1578908057,H30.9.2,2025/5/28,中標津,,"177,000 ",2025/6/2,620 ,,2025/6/6,2025/9/29,東・西,690 ,334 ,900,,,
出荷,1457419025,R4.6.25,2025/6/4,旭川,,"189,000 ",2025/6/9,569 ,,2025/6/27,2025/10/20,東日本,670 ,301 ,900,,,
出荷,1510517088,R4.10.30,2025/6/4,旭川,,"209,000 ",2025/6/9,575 ,,2025/6/17,2025/10/20,東日本,668 ,333 ,900,,,
淘汰,1617612020,R4.5.23,2025/6/4,中標津,,"188,000 ",2025/6/9,510 ,,2025/6/17,2025/10/8,,,,,,,
出荷,1489617994,R4.11.2,2025/6/11,旭川,,"213,000 ",2025/6/16,620 ,,2025/7/15,2025/10/14,東・西,740 ,377 ,900,,,
出荷,1498615578,H30.10.4,2025/6/11,旭川,,"239,000 ",2025/6/16,690 ,,2025/7/15,2025/10/16,中部・西,790 ,395 ,900,,,
出荷,1417627415,R4.1.3,2025/6/11,旭川,,"176,000 ",2025/6/16,540 ,,2025/6/17,2025/9/16,東・西,715 ,350 ,900,,,
出荷,0871964753,R4.2.2,2025/6/11,中標津,,"163,000 ",2025/6/16,500 ,2-右-2,2025/6/17,2025/11/11,東・西,650 ,339 ,900,,,
出荷,0871964913,R4.5.27,2025/6/11,中標津,,"156,000 ",2025/6/16,500 ,1-右-10,2025/6/17,2026/1/13,東・西,670 ,334 ,900,,,
出荷,1661609519,R4.8.2,2025/6/18,旭川,,"204,000 ",2025/6/23,660 ,,2025/7/15,2025/10/14,東・西,710 ,374 ,900,,,
出荷,1615311857,R3.12.25,2025/6/18,中標津,,"195,000 ",2025/6/23,615 ,,2025/6/27,2025/9/30,中部・西,770 ,346 ,900,,,
出荷,1512815960,R3.4.23,2025/6/18,中標津,,"171,000 ",2025/6/23,580 ,,2025/6/27,2025/9/30,東・西,695 ,319 ,900,,,
出荷,1571911016,H31.2.13,2025/6/18,中標津,,"185,000 ",2025/6/23,570 ,3-左-3,2025/7/15,2025/11/21,東・西,662 ,293 ,830,,,
出荷,1562909121,H30.1.7,2025/6/25,旭川,,"214,000 ",2025/6/30,610 ,,2025/7/30,2025/10/27,東日本,694 ,334 ,900,,,
淘汰,1505522172,R3.7.19,2025/6/26,大楽毛,,"165,000 ",2025/6/30,585 ,,2025/7/15,2025/8/25,,,,,,,
出荷,1408926978,R4.6.18,2025/7/2,旭川,第四胃変位,"169,000 ",2025/7/7,520 ,2-左-2,2025/7/14,2025/11/4,東・西,668 ,307 ,900,,,
出荷,1609009708,R1.10.10,2025/7/2,旭川,,"204,000 ",2025/7/7,630 ,2-左-2,2025/7/30,2025/11/6,中部・西,764 ,351 ,900,,,
出荷,1621204945,R3.1.5,2025/7/2,旭川,,"196,000 ",2025/7/7,570 ,,2025/7/14,2025/10/16,中部・西,725 ,334 ,900,,,
淘汰,1530015557,R3.11.27,2025/7/2,旭川,,"174,000 ",2025/7/7,480 ,,2025/7/14,2025/8/29,,,,,,,
出荷,1630444059,R3.2.27,2025/7/2,旭川,,"184,000 ",2025/7/7,570 ,3-右-1,2025/7/30,2025/11/13,中部・西,660 ,332 ,900,,,
淘汰,1374934311,R5.6.3,2025/7/2,旭川,,"182,000 ",2025/7/7,500 ,,2025/7/30,2025/9/10,,,,,,,
出荷,1522604028,R3.8.4,2025/7/2,旭川,,"165,000 ",2025/7/7,500 ,2-左-4,2025/7/14,2025/11/18,東日本,662 ,318 ,900,,,
出荷,1413336755,R4.11.6,2025/7/9,旭川,,"193,000 ",2025/7/14,540 ,,2025/7/30,2025/10/27,東日本,684 ,330 ,900,,,
出荷,1402125322,R2.6.29,2025/7/9,旭川,,"209,000 ",2025/7/14,560 ,2-左-1,2025/8/16,2025/11/27,東・西,730 ,370 ,900,,,
出荷,1417627378,R3.12.27,2025/7/9,旭川,,"202,000 ",2025/7/14,550 ,2-左-1,2025/8/16,2025/11/21,東日本,690 ,349 ,900,,,
出荷,1628813027,R4.6.7,2025/7/9,旭川,,"185,000 ",2025/7/14,510 ,1-バラ-左,2025/8/16,2025/11/21,東日本,698 ,335 ,900,,,
出荷,1485916145,R3.2.14,2025/7/9,中標津,,"168,000 ",2025/7/14,595 ,1-左-11,2025/8/4,2025/11/4,東・西,698 ,339 ,900,,,
出荷,1618408745,R1.8.14,2025/7/10,大楽毛,,"150,000 ",2025/7/14,590 ,1-バラ-右,2025/7/30,2025/11/6,中部・西,722 ,344 ,900,,,
出荷,1539114718,R3.12.21,2025/7/16,旭川,,"190,000 ",2025/7/22,550 ,3-右-1,2025/7/30,2025/12/8,東・西,693 ,317 ,900,,,
出荷,1375061702,R4.2.16,2025/7/16,旭川,,"179,000 ",2025/7/22,560 ,1-左-16,2025/7/30,2025/11/18,東日本,665 ,334 ,900,,,
出荷,1415735914,R5.6.30,2025/7/16,旭川,,"191,000 ",2025/7/22,550 ,3-右-1,2025/7/30,2025/12/2,東・西,662 ,317 ,900,,,
出荷,1530015854,R4.6.3,2025/7/16,旭川,,"182,000 ",2025/7/22,540 ,2-左-2,2025/8/4,2025/12/9,東日本,660 ,341 ,900,,,
淘汰,1476893776,R4.9.17,2025/7/16,旭川,,"188,000 ",2025/7/22,500 ,,2025/8/4,2025/10/6,,,,,,,
淘汰,1533614931,R3.6.21,2025/7/16,旭川,,"207,000 ",2025/7/22,635 ,,2025/9/4,2025/10/8,,,,,,,
出荷,1492518004,R3.12.23,2025/7/16,中標津,,"130,000 ",2025/7/22,470 ,3-左-3,2025/8/28,2025/12/8,東日本,664 ,327 ,900,,,
出荷,1669904760,R4.7.31,2025/7/16,中標津,,"141,000 ",2025/7/22,465 ,1-右-9,2025/7/30,2026/2/2,東日本,682 ,334 ,900,,,
出荷,1528206936,R2.8.2,2025/7/17,大楽毛,,"210,000 ",2025/7/22,590 ,2-右-2,2025/8/4,2025/11/6,中部・西,816 ,380 ,900,,,
出荷,1432835499,R5.2.12,2025/7/18,幕別,,"177,000 ",2025/7/22,515 ,1-右-16,2025/9/4,2026/1/6,東日本,670 ,353 ,900,,,
淘汰,1482914205,R1.5.23,2025/7/18,幕別,,"204,000 ",2025/7/22,635 ,,2025/8/22,2025/8/22,,,,,,,
淘汰,1385941407,R5.1.19,2025/7/23,旭川,,"181,000 ",2025/7/28,540 ,,2025/9/4,2025/9/10,,,,,,,
出荷,1542323848,R1.11.19,2025/7/23,中標津,,"159,000 ",2025/7/28,560 ,1-左-8,2025/9/1,2026/3/24,東・西,676 ,326 ,900,,,〇
出荷,1491304134,R2.7.21,2025/7/23,中標津,,"181,000 ",2025/7/28,600 ,3-左-1,2025/9/1,2025/11/26,東・西,664 ,310 ,900,,,
出荷,1636903994,R3.6.7,2025/7/24,紋別,,"194,000 ",2025/7/28,630 ,1-バラ-左,2025/8/16,2025/11/19,中部・西,762 ,337 ,900,,,
出荷,1409861322,R3.12.30,2025/7/24,紋別,,"154,000 ",2025/7/28,540 ,1-左-1,2025/8/16,2025/12/2,東・西,682 ,334 ,900,,,
出荷,1374433876,R4.7.29,2025/7/24,紋別,,"177,000 ",2025/7/28,530 ,1-右-11,2025/8/16,2026/1/6,東日本,665 ,316 ,900,,,
淘汰,1598613993,R5.6.1,2025/7/30,旭川,,"194,000 ",2025/8/4,520 ,,2025/8/28,2025/9/9,,,,,,,
出荷,1613059805,R2.3.23,2025/7/30,旭川,,"196,000 ",2025/8/4,620 ,3-左-1,2025/8/28,2025/11/27,中部・西,762 ,334 ,900,,,
出荷,1639204777,R2.8.19,2025/7/30,中標津,,"148,000 ",2025/8/4,570 ,3-左-1,2025/8/28,2025/11/26,東・西,690 ,331 ,900,,,
出荷,1650821854,R4.1.29,2025/7/30,中標津,,"231,000 ",2025/8/4,625 ,3-右-5,2025/8/28,2025/11/26,東・西,702 ,360 ,900,,,
出荷,0872018387,R4.5.8,2025/7/30,中標津,,"186,000 ",2025/8/4,570 ,3-左-3,2025/8/28,2025/11/25,東・西,682 ,329 ,900,,,
出荷,1620608904,R2.10.10,2025/7/30,中標津,,"165,000 ",2025/8/4,560 ,3-右-5,2025/9/4,2025/11/27,中部・西,722 ,340 ,900,,,
出荷,1658837765,R5.2.13,2025/7/30,中標津,,"194,000 ",2025/8/4,500 ,1-右-4,2025/8/28,2026/1/26,東日本,706 ,362 ,900,,,
出荷,1488916142,R3.4.29,2025/8/6,旭川,,"182,000 ",2025/8/7,590 ,3-右-5,2025/9/4,2025/12/1,東日本,668 ,325 ,900,,,
出荷,1469105312,R2.4.30,2025/8/6,中標津,,"197,000 ",2025/8/7,540 ,2-左-4,2025/9/1,2025/11/27,中部・西,826 ,401 ,900,,,
出荷,1453721535,R3.12.16,2025/8/6,中標津,,"133,000 ",2025/8/7,620 ,2-左-4,2025/9/4,2025/12/4,中部・西,758 ,353 ,900,,,
出荷,1531215727,R3.3.9,2025/8/6,中標津,,"163,000 ",2025/8/7,600 ,1-左-16,2025/9/4,2025/12/8,東日本,680 ,329 ,900,,,
出荷,1448904998,H31.3.8,2025/8/15,陸別NK,,"165,000 ",2025/8/18,515 ,2-左-3,2025/9/4,2025/12/1,東日本,670 ,306 ,900,,,
淘汰,1582908890,H30.6.15,2025/8/20,旭川,,"220,000 ",2025/8/25,665 ,,,2025/9/3,,,,,,,
淘汰,1607510084,R2.4.30,2025/8/20,旭川,,"192,000 ",2025/8/25,565 ,,2025/9/8,2025/10/28,,,,,,,
出荷,1576707836,R5.1.15,2025/8/20,旭川,,"194,000 ",2025/8/25,515 ,1-右-12,2025/9/8,2025/12/9,東・西,690 ,313 ,900,,,
出荷,1546914509,H31.2.27,2025/8/20,中標津,,"175,000 ",2025/8/25,565 ,1-右-13,2025/9/8,2025/12/11,中部・西,726 ,344 ,900,,,
出荷,1606160136,R2.7.8,2025/8/20,中標津,,"180,000 ",2025/8/25,670 ,1-バラ-右,2025/9/8,2025/12/11,中部・西,854 ,421 ,900,,,
出荷,1661618481,R4.8.14,2025/8/20,中標津,,"173,000 ",2025/8/25,580 ,3-左-1,2025/9/1,2025/11/25,東・西,662 ,327 ,900,,,
出荷,1527615760,R4.9.12,2025/8/20,中標津,,"210,000 ",2025/8/25,555 ,1-右-11,2025/9/8,2025/12/9,東・西,720 ,359 ,900,,,
出荷,1604422434,R5.7.12,2025/8/20,中標津,,"179,000 ",2025/8/25,505 ,1-右-2,2025/9/1,2026/1/19,中部・西,682 ,356 ,900,,,
出荷,1377235170,R4.3.23,2025/8/21,大楽毛,,"192,000 ",2025/8/25,610 ,1-右-8,2025/9/1,2025/11/26,中部・西,716 ,342 ,900,,,
出荷,1406524831,R3.9.25,2025/8/21,大楽毛,,"159,000 ",2025/8/25,560 ,1-右-15,2025/9/8,2025/12/10,東・西,666 ,313 ,900,,,
出荷,1644852246,R3.10.12,2025/8/21,大楽毛,,"150,000 ",2025/8/25,605 ,1-バラ-右,2025/9/1,2025/11/25,東・西,726 ,346 ,900,,,
出荷,1668904419,R4.6.23,2025/8/27,旭川,,"155,000 ",2025/9/1,500 ,1-バラ-右,2025/9/8,2026/1/6,東日本,664 ,340 ,900,,,
出荷,1374424577,R1.5.12,2025/8/27,旭川,,"238,000 ",2025/9/1,670 ,1-左-10,2025/9/18,2025/12/15,東日本,760 ,348 ,900,,,
淘汰,1522013318,R2.12.17,2025/8/27,旭川,,"180,000 ",2025/9/1,610 ,,2025/9/18,2025/9/26,,,,,,,
淘汰,1610781112,R3.1.12,2025/8/27,旭川,,"199,000 ",2025/9/1,660 ,,2025/9/18,2025/10/3,,,,,,,
出荷,1552013869,R3.6.26,2025/8/27,中標津,,"236,000 ",2025/9/1,610 ,1-左-5,2025/9/8,2025/12/11,中部・西,786 ,371 ,900,,,
出荷,1612204176,R2.2.5,2025/8/27,中標津,,"156,000 ",2025/9/1,550 ,1-左-14,2025/9/18,2025/12/15,東日本,704 ,322 ,900,,,
出荷,1505512067,H30.7.2,2025/8/27,中標津,,"168,000 ",2025/9/1,615 ,1-左-12,2025/9/18,2025/12/15,東・西,778 ,381 ,900,,,
出荷,1661630971,R5.6.25,2025/8/27,中標津,,"194,000 ",2025/9/1,525 ,1-バラ-右,2025/9/8,2026/1/6,東日本,674 ,353 ,900,,,
淘汰,1363926587,H29.6.25,2025/8/27,中標津,,"181,000 ",2025/9/1,745 ,,2025/9/18,2025/10/6,,,,,,,
淘汰,1608309632,R2.1.13,2025/8/27,中標津,,"151,000 ",2025/9/1,625 ,1-左-9,2025/9/18,2025/11/25,,,,,,,
出荷,1593212467,R3.7.30,2025/8/27,中標津,,"158,000 ",2025/9/1,580 ,1-左-6,2025/9/8,2025/12/8,東日本,724 ,394 ,900,,,
出荷,1411319330,R1.6.18,2025/8/27,中標津,,"192,000 ",2025/9/1,700 ,石垣,2025/9/18,2025/12/17,東日本,718 ,323 ,900,,,
出荷,1354897551,H30.5.6,2025/8/27,中標津,,"153,000 ",2025/9/1,510 ,1-右-15,2025/9/18,2026/1/13,東・西,682 ,340 ,900,,,
出荷,0861265099,H28.4.4,2025/9/3,旭川,,"183,000 ",2025/9/8,600 ,1-右-4,2025/9/19,2025/12/16,東・西,714 ,330 ,900,,,
出荷,0865887617,R3.7.9,2025/9/3,旭川,,"184,000 ",2025/9/8,610 ,3-左-4,2025/9/22,2025/12/17,東日本,695 ,337 ,900,,,
出荷,1664426380,R4.5.23,2025/9/3,中標津,,"163,000 ",2025/9/8,580 ,1-左-15,2025/9/19,2025/12/15,東・西,690 ,362 ,900,,,
出荷,1525410985,H29.6.29,2025/9/3,中標津,,"187,000 ",2025/9/8,610 ,1-右-3,2025/9/19,2025/12/16,東・西,724 ,338 ,900,,,
出荷,1584523879,R3.9.7,2025/9/3,中標津,,"207,000 ",2025/9/8,600 ,1-右-2,2025/9/19,2025/12/16,東・西,714 ,355 ,900,,,
出荷,0870014671,R3.7.2,2025/9/3,中標津,,"173,000 ",2025/9/8,640 ,3-左-4,2025/9/22,2025/12/18,中部・西,768 ,345 ,900,,,
出荷,1438512639,H28.6.11,2025/9/3,中標津,,"201,000 ",2025/9/8,665 ,3-左-4,2025/9/22,2025/12/18,中部・西,746 ,350 ,900,,,
出荷,1477130658,H31.4.13,2025/9/3,中標津,,"181,000 ",2025/9/8,650 ,3-左-4,2025/9/22,2025/12/18,中部・西,758,367 ,900,,,
出荷,1492518950,R4.3.14,2025/9/8,大楽毛,,"187,000 ",2025/9/16,660 ,石垣,2025/9/19,2025/12/18,中部・西,708 ,338 ,900,,,
出荷,0866268057,H30.9.18,2025/9/8,大楽毛,,"164,000 ",2025/9/16,665 ,1-右-1,2025/9/24,2026/1/15,中部・西,790 ,424 ,900,,,
出荷,1618350952,R2.10.17,2025/9/10,旭川,,"191,000 ",2025/9/16,600 ,2-左-3,2025/9/26,2026/1/7,中部・西,730 ,363 ,900,,,
出荷,1660408489,R4.8.18,2025/9/10,旭川,,"191,000 ",2025/9/16,615 ,2-左-3,2025/9/26,2026/1/13,東・西,688 ,322 ,900,,,
淘汰,1627051185,R2.7.21,2025/9/10,中標津,,"175,000 ",2025/9/16,545 ,,,2025/9/22,,,,,,,
出荷,1592903120,H31.3.28,2025/9/10,中標津,,"180,000 ",2025/9/16,590 ,1-右-10,2025/9/26,2026/2/2,東日本,684 ,312 ,900,,,
出荷,1628337240,R3.3.8,2025/9/10,中標津,,"202,000 ",2025/9/16,600 ,2-左-3,2025/9/26,2026/1/22,中部・西,784 ,393 ,900,,,
出荷,1652717681,R4.1.16,2025/9/11,大楽毛,,"209,000 ",2025/9/16,615 ,1-右-6,2025/9/19,2025/12/16,東・西,746 ,398 ,900,,,
出荷,1546767969,R4.8.29,2025/9/16,幕別,,"169,000 ",2025/9/22,605 ,1-バラ-右,2025/9/24,2026/1/15,中部・西,732 ,358 ,900,,,
出荷,1390835944,R2.10.26,2025/9/16,幕別,,"218,000 ",2025/9/22,655 ,3-右-4,2025/9/30,2026/1/27,東・西,778 ,366 ,900,,,
出荷,1391118695,H29.4.9,2025/9/17,中標津,,"183,000 ",2025/9/22,655 ,1-右-7,2025/9/24,2026/1/7,中部・西,731 ,363 ,900,,,
出荷,1422047185,R1.11.28,2025/9/17,中標津,,"158,000 ",2025/9/22,710 ,1-バラ-右,2025/9/24,2026/1/15,中部・西,864 ,423 ,900,,,
出荷,1485416379,R3.9.20,2025/9/17,中標津,,"180,000 ",2025/9/22,660 ,1-バラ-右,2025/9/24,2026/1/15,中部・西,730 ,358 ,900,,,
全廃,1594810020,R1.6.16,2025/9/17,中標津,,"134,000 ",2025/9/22,630 ,,2025/10/2,2025/10/29,,,,,,,
出荷,1531212641,H31.2.27,2025/9/17,中標津,,"182,000 ",2025/9/22,610 ,3-右-6,2025/10/8,2026/1/26,東日本,738 ,347 ,900,,,
出荷,1456906465,H28.9.19,2025/9/18,大楽毛,,"157,000 ",2025/9/22,665 ,3-右-4,2025/9/30,2026/1/26,東日本,804 ,346 ,900,,,
出荷,1495216723,R4.1.22,2025/9/18,大楽毛,,"200,000 ",2025/9/22,670 ,3-右-4,2025/9/30,2026/1/27,東・西,822 ,419 ,900,,,
出荷,1610781174,R3.3.19,2025/9/24,旭川,,"187,000 ",2025/9/29,625 ,3-左-5,2025/10/8,2026/1/27,中部・西,702 ,362 ,900,,,
出荷,1592411410,R2.3.8,2025/9/24,中標津,,"180,000 ",2025/9/29,585 ,3-左-6,2025/9/30,2026/1/22,東日本,702 ,334 ,900,,,
出荷,1396600768,R4.5.7,2025/9/24,中標津,,"143,000 ",2025/9/29,540 ,3-左-6,2025/9/30,2026/1/26,東日本,720 ,378 ,900,,,
淘汰,1363849930,H30.7.16,2025/9/24,中標津,,"194,000 ",2025/9/29,600 ,,,2025/10/1,,,,,,,
出荷,1474413099,H30.2.27,2025/9/24,中標津,,"141,000 ",2025/9/29,650 ,3-左-1,2025/10/2,2026/1/27,東・西,786 ,342 ,900,,,
出荷,1498812946,H30.9.15,2025/9/24,中標津,,"170,000 ",2025/9/29,675 ,2-左-1,2025/10/8,2026/1/29,中部・西,868 ,449 ,900,,,
出荷,1517413925,R3.4.9,2025/9/24,中標津,,"184,000 ",2025/9/29,590 ,2-左-1,2025/10/8,2026/2/5,中部・西,720 ,351 ,900,,,〇
出荷,1616890382,R2.10.30,2025/9/25,大楽毛,,"201,000 ",2025/9/29,680 ,3-左-6,2025/10/8,2026/1/29,中部・西,792 ,408 ,900,,,
出荷,1516016745,R3.12.5,2025/9/25,大楽毛,,"181,000 ",2025/9/29,670 ,3-左-6,2025/9/30,2026/1/29,中部・西,834 ,433 ,900,,,
出荷,1567011973,R2.7.14,2025/9/26,幕別,,"188,000 ",2025/9/29,600 ,石垣,2025/10/8,2026/2/5,中部・西,692 ,318 ,900,,,
淘汰,1599010333,R1.6.1,2025/9/26,幕別,,"170,000 ",2025/9/29,690 ,1-右-7,2025/10/8,2025/11/28,,,,,,,
出荷,1603555027,R1.6.1,2025/9/30,幕別,,"134,000 ",2025/10/6,540 ,3-左-1,2025/10/14,2026/4/13,東日本,676 ,338 ,900,,,〇
出荷,0868807315,R4.7.4,2025/10/1,中標津,,"184,000 ",2025/10/6,650 ,3-左-6,2025/10/8,2026/1/29,中部・西,816 ,420 ,900,,,
淘汰,1431920325,R2.9.9,2025/10/1,中標津,,"127,000 ",2025/10/6,560 ,,2025/10/8,2025/10/16,,,,,,,
出荷,1459604030,R2.6.29,2025/10/1,中標津,,"149,000 ",2025/10/6,610 ,3-左-6,2025/10/14,2026/2/10,東・西,710 ,329 ,900,,,
出荷,1584376826,R1.9.14,2025/10/8,中標津,,"176,000 ",2025/10/14,710 ,1-左-9,2025/10/14,2026/2/5,中部・西,830 ,376 ,900,,,
出荷,1372481558,R3.3.11,2025/10/14,幕別,,"157,000 ",2025/10/21,706 ,1-右-6,2025/11/1,2026/2/12,中部・西,794 ,396 ,900,,,
全廃,1498915302,R2.6.15,2025/10/15,中標津,,"131,000 ",2025/10/21,566 ,1-右-9,2025/10/29,2025/11/28,,,,,,,
出荷,1636312185,R4.9.6,2025/10/15,中標津,,"131,000 ",2025/10/21,502 ,3-右-1,2025/10/21,2026/3/31,東・西,680 ,337 ,900,,,
出荷,1507107049,H30.10.8,2025/10/15,中標津,,"146,000 ",2025/10/21,676 ,1-右-1,2025/10/21,2026/2/12,中部・西,782 ,361 ,900,,,
出荷,1391042143,R3.7.31,2025/10/16,大楽毛,,"198,000 ",2025/10/21,686 ,1-右-4,2025/10/21,2026/2/5,中部・西,782 ,408 ,900,,,
出荷,1589012996,R3.5.21,2025/10/17,幕別,,"180,000 ",2025/10/21,582 ,1-右-5,2025/10/31,2026/2/3,東・西,700 ,335 ,900,,,
出荷,1555412867,R2.8.8,2025/10/17,幕別,,"201,000 ",2025/10/21,602 ,3-右-4,2025/10/21,2026/2/12,中部・西,734 ,375 ,900,,,
死亡,1352580394,R2.11.15,2025/10/21,幕別,,"184,000 ",2025/11/1,636 ,2-右-3,2025/11/5,2025/11/29,,,,,,,
淘汰,1372334533,R5.1.3,2025/10/22,中標津,,"171,000 ",2025/10/31,582 ,1-左-11,2025/10/29,2025/11/6,,,,,,,
淘汰,1408170456,R5.2.13,2025/10/22,中標津,,"144,000 ",2025/10/31,544 ,1-左-3,2025/10/30,2025/12/17,,,,,,,
出荷,1466915952,R2.9.9,2025/10/22,中標津,,"174,000 ",2025/10/31,702 ,2-右-3,2025/11/5,2026/2/12,中部・西,804 ,385 ,900,,,
出荷,1538713066,R2.3.8,2025/10/22,中標津,,"158,000 ",2025/10/31,606 ,2-右-3,2025/11/5,2026/2/26,中部・西,776 ,366 ,900,,,
出荷,1587809628,H31.1.14,2025/10/23,大楽毛,,"170,000 ",2025/10/31,638 ,2-右-3,2025/11/5,2026/2/26,中部・西,788 ,365 ,900,,,
出荷,1457419407,R3.12.16,2025/10/23,大楽毛,未経産,"175,000 ",2025/10/31,516 ,1-右-3,2025/10/29,2026/3/3,東・西,680 ,366 ,900,,,
出荷,1562916754,R5.8.2,2025/10/24,幕別,未経産,"170,000 ",2025/11/1,530 ,1-右-4,2025/10/29,2026/3/3,東・西,730 ,373 ,900,,,
出荷,1505415825,R3.2.20,2025/10/24,幕別,,"171,000 ",2025/11/1,554 ,1-右-5,2025/10/29,2026/3/3,東・西,682 ,308 ,900,,,
死亡,1586708502,H30.12.14,2025/10/24,幕別,,"170,000 ",2025/11/1,630 ,2-左-2,2025/11/12,2025/11/30,,,,,,,
出荷,1609415905,R4.7.18,2025/10/28,幕別,,"208,000 ",2025/11/4,644 ,1-右-8,2025/11/12,2026/2/26,中部・西,820 ,398 ,900,,,
出荷,0873108377,R4.1.17,2025/10/29,旭川,,"180,000 ",2025/11/4,600 ,2-左-2,2025/11/16,2026/2/16,東日本,770 ,349 ,900,,,
出荷,1438220947,R4.6.13,2025/10/29,中標津,,"194,000 ",2025/11/4,662 ,3-右-6,2025/11/12,2026/3/5,中部・西,798 ,410 ,900,,,
出荷,1585810879,H31.2.6,2025/10/29,中標津,,"181,000 ",2025/11/4,594 ,3-左-1,2025/11/16,2026/3/5,中部・西,804 ,376 ,900,,,
出荷,1462120800,R4.6.28,2025/10/29,中標津,,"206,000 ",2025/11/4,608 ,3-右-6,2025/11/12,2026/3/5,中部・西,768 ,383 ,900,,,
死亡,1401525192,H30.7.2,2025/10/29,中標津,,"198,000 ",2025/11/4,694 ,1-右-2,2025/11/16,2025/12/29,,,,,,,
出荷,1591512699,R2.12.30,2025/10/29,中標津,,"134,000 ",2025/11/4,530 ,2-右-3,2025/11/12,2026/3/2,東日本,670 ,318 ,900,,,
淘汰,1612311676,R2.6.27,2025/10/29,中標津,,"202,000 ",2025/11/4,636 ,1-右-16,2025/11/12,2026/3/12,,,,,,,〇
出荷,1396102170,H31.3.30,2025/11/5,中標津,,"161,000 ",2025/11/10,588 ,3-右-5,2025/11/22,2026/3/9,東日本,668 ,320 ,900,,,
出荷,1589807998,R1.11.15,2025/11/5,中標津,,"175,000 ",2025/11/10,602 ,3-右-5,2025/11/22,2026/3/10,東・西,700 ,351 ,900,,,
出荷,1639492396,R4.11.30,2025/11/5,中標津,,"162,000 ",2025/11/10,578 ,2-右-3,2025/11/16,2026/2/16,東日本,680 ,335 ,900,,,
出荷,1448519697,R4.5.12,2025/11/5,中標津,,"170,000 ",2025/11/10,574 ,2-左-2,2025/11/12,2026/2/10,東・西,710 ,362 ,900,,,
出荷,1486819971,R5.12.6,2025/11/6,大楽毛,,"131,000 ",2025/11/10,518 ,3-右-4,2025/11/25,2026/3/9,東日本,680 ,329 ,900,,,
出荷,1462616662,R3.6.6,2025/11/6,大楽毛,,"182,000 ",2025/11/10,664 ,3-左-1,2025/11/22,2026/4/2,中部・西,862 ,406 ,900,,,
淘汰,1386523183,R2.6.14,2025/11/6,大楽毛,,"172,000 ",2025/11/10,600 ,1-右-13,2025/11/22,2026/1/14,,,,,,,
出荷,1441920148,R3.8.28,2025/11/7,幕別,,"195,000 ",2025/11/10,644 ,2-左-2,2025/11/12,2026/2/10,東・西,764 ,337 ,900,,,
出荷,1634891743,R4.2.17,2025/11/12,中標津,,"190,000 ",2025/11/17,544 ,3-右-4,2025/11/25,2026/3/10,東・西,700 ,355 ,900,,,
出荷,1498812731,H30.6.12,2025/11/12,中標津,,"157,000 ",2025/11/17,688 ,2-左-1,2025/11/27,2026/3/26,中部・西,762 ,380 ,900,,,
出荷,1364079961,R2.5.14,2025/11/12,中標津,,"151,000 ",2025/11/17,606 ,3-右-4,2025/11/25,2026/3/24,東・西,754 ,382 ,900,,,
出荷,1488715240,R1.6.23,2025/11/12,中標津,,"129,000 ",2025/11/17,606 ,2-右-4,2025/11/27,2026/3/24,東・西,726 ,361 ,900,,,
出荷,1440617872,R2.12.18,2025/11/12,中標津,,"196,000 ",2025/11/17,662 ,1-右-11,2025/11/25,2026/3/24,東・西,750 ,363 ,900,,,
出荷,1404221367,R1.6.18,2025/11/12,中標津,,"184,000 ",2025/11/17,682 ,1-右-6,2025/11/27,2026/3/12,中部・西,840 ,409 ,900,,,
出荷,1370900877,R3.11.10,2025/11/18,幕別,,"190,000 ",2025/11/26,632 ,2-右-4,2025/11/27,2026/3/26,中部・西,764 ,382 ,900,,,
出荷,1479116179,R2.9.15,2025/11/19,中標津,,"158,000 ",2025/11/26,534 ,1-バラ-左,2025/11/27,2026/3/9,東・西,686 ,324 ,900,,,
淘汰,1407105398,H28.8.1,2025/11/19,中標津,,"169,000 ",2025/11/26,552 ,1-右-6,2025/12/4,2026/2/26,,,,,,,〇
出荷,1498812656,H30.5.13,2025/11/19,中標津,,"171,000 ",2025/11/26,698 ,1-バラ-左,2025/11/27,2026/3/26,中部・西,842 ,432 ,900,,,
出荷,1663813280,R4.8.17,2025/11/19,中標津,,"117,000 ",2025/11/26,482 ,1-左-6,2025/11/27,2026/4/14,東・西,670 ,336 ,900,,,
出荷,0867133958,H30.7.3,2025/11/20,大楽毛,,"138,000 ",2025/11/26,554 ,2-右-4,2025/12/4,2026/4/2,中部・西,738 ,348 ,900,,,
出荷,1576114511,R5.8.9,2025/11/20,大楽毛,,"183,000 ",2025/11/26,590 ,3-右-4,2025/12/4,2026/3/26,中部・西,766 ,414 ,900,,,
出荷,1440617261,R2.7.27,2025/11/20,大楽毛,,"181,000 ",2025/11/26,612 ,1-右-11,2025/12/4,2026/5/8,東日本,670 ,329 ,950,,,〇
出荷,1667959342,R5.2.7,2025/11/21,幕別,,"171,000 ",2025/11/26,522 ,1-バラ-左,2025/11/27,2026/4/2,中部・西,712 ,302 ,900,,,
出荷,1539114756,R4.3.2,2025/11/26,旭川,,"199,000 ",2025/12/1,600 ,1-右-2,2025/12/4,2026/4/2,中部・西,732 ,370 ,900,,,
出荷,1545807871,H30.11.8,2025/11/26,中標津,,"181,000 ",2025/12/1,608 ,2-左-4,2025/12/9,2026/4/9,中部・西,812 ,397 ,900,,,
出荷,1455814884,H30.10.5,2025/11/26,中標津,,"161,000 ",2025/12/1,680 ,2-左-4,2025/12/9,2026/4/9,中部・西,814 ,402 ,900,,,
出荷,1384322863,R3.7.30,2025/11/26,中標津,,"185,000 ",2025/12/1,616 ,2-左-4,2025/12/9,2026/4/9,中部・西,852 ,426 ,900,,,
出荷,1556411968,R2.2.11,2025/11/26,中標津,,"128,000 ",2025/12/1,536 ,3-右-1,2025/12/9,2026/4/13,東日本,684 ,334 ,900,,,
出荷,1479824036,R5.8.14,2025/11/26,中標津,,"153,000 ",2025/12/1,485 ,1-左-13,2025/12/4,2026/4/20,東日本,660 ,353 ,900,,,〇
出荷,1672121154,R5.2.11,2025/11/27,大楽毛,,"158,000 ",2025/12/1,530 ,2-左-3,2025/12/9,2026/4/21,東・西,750 ,395 ,900,,,
出荷,1382423890,H29.2.11,2025/11/27,大楽毛,,"173,000 ",2025/12/1,652 ,1-右-5,2025/12/4,2026/3/12,中部・西,780 ,408 ,900,,,〇
出荷,1483015284,R2.8.12,2025/11/27,大楽毛,,"195,000 ",2025/12/1,630 ,3-右-4,2025/12/4,2026/3/16,東日本,722 ,382 ,900,,,〇
淘汰,0865491401,H30.3.18,2025/12/3,旭川,,"180,000 ",2025/12/8,610 ,1-左-7,2025/12/18,2026/2/5,,,,,,,〇
出荷,1392281794,R4.4.16,2025/12/3,旭川,,"192,000 ",2025/12/8,630 ,1-左-5,2025/12/18,2026/4/14,東・西,740 ,364 ,900,,,
出荷,1422098743,R4.2.23,2025/12/3,旭川,,"208,000 ",2025/12/8,610 ,1-左-3,2025/12/18,2026/4/14,東・西,746 ,379 ,900,,,
淘汰,1436117034,H29.9.11,2025/12/3,中標津,,"138,000 ",2025/12/8,584 ,1-左-3,2025/12/18,2026/2/5,,,,,,,〇
出荷,1548009500,H29.9.28,2025/12/3,中標津,,"162,000 ",2025/12/8,708 ,1-左-1,2025/12/18,2026/4/16,中部・西,848 ,426 ,900,,,
出荷,1452817116,R2.10.31,2025/12/3,中標津,,"190,000 ",2025/12/8,648 ,1-左-4,2025/12/18,2026/4/16,中部・西,802 ,419 ,900,,,
出荷,1587013056,R3.8.24,2025/12/3,中標津,,"149,000 ",2025/12/8,598 ,3-右-1,2025/12/18,2026/4/16,中部・西,818 ,424 ,900,,,
出荷,1479116001,R2.7.6,2025/12/3,中標津,,"165,000 ",2025/12/8,586 ,1-左-7,2025/12/18,2026/6/1,東日本,812 ,412 ,"1,000",,●4/16 1-左-2から移動,
出荷,1496217200,R3.2.21,2025/12/8,大楽毛,,"150,000 ",2025/12/15,550 ,3-左-4,2025/12/22,2026/4/7,東・西,708 ,340 ,900,,,
出荷,0871038355,R3.5.20,2025/12/8,大楽毛,未経産,"181,000 ",2025/12/15,608 ,1-左-7,2025/12/18,2026/4/16,中部・西,854 ,430 ,900,,,
出荷,1522603441,R3.6.28,2025/12/10,旭川,,"189,000 ",2025/12/15,540 ,3-左-4,2025/12/24,2026/5/11,東日本,718 ,354 ,950,,,
出荷,1655985643,R4.5.12,2025/12/10,中標津,,"113,000 ",2025/12/15,542 ,1-左-6,2025/12/18,2026/3/31,東・西,736 ,351 ,900,,,
死亡,1557625340,R5.2.4,2025/12/10,中標津,,"157,000 ",2025/12/15,534 ,3-左-4,2025/12/24,2026/4/6,,,,,,,
出荷,1526703550,R4.5.29,2025/12/10,中標津,,"180,000 ",2025/12/15,600 ,3-左-4,2025/12/24,2026/5/7,中部・西,796 ,409 ,950,,,
出荷,1468652510,R2.4.25,2025/12/10,中標津,,"161,000 ",2025/12/15,626 ,1-右-10,2025/12/24,2026/4/22,中部・西,788 ,382 ,900,,,
出荷,1662602755,R4.8.3,2025/12/11,大楽毛,,"176,000 ",2025/12/15,594 ,3-左-1,2025/12/18,2026/4/17,西日本,770 ,382 ,900,,,
出荷,1548205773,R2.3.4,2025/12/11,大楽毛,,"188,000 ",2025/12/15,676 ,1-左-11,2025/12/25,2026/4/22,中部・西,790 ,392 ,900,,,
出荷,1617906662,R5.4.26,2025/12/17,旭川,,"158,000 ",2025/12/22,570 ,2-左-2,2025/12/31,2026/4/21,東・西,704 ,365 ,900,,,
出荷,1368848488,R2.11.29,2025/12/17,旭川,,"154,000 ",2025/12/22,620 ,3-左-3,2025/12/31,2026/5/11,東日本,782 ,379 ,950,,,〇
出荷,1619325508,R2.8.8,2025/12/17,中標津,,"160,000 ",2025/12/22,622 ,3-左-3,2025/12/31,2026/4/22,中部・西,728 ,357 ,900,,,
出荷,1458918848,H31.4.4,2025/12/17,中標津,,"181,000 ",2025/12/22,706 ,1-左-10,2025/12/31,2026/5/7,中部・西,898 ,440 ,950,,,
出荷,1569813698,R3.12.25,2025/12/17,中標津,,"172,000 ",2025/12/22,566 ,3-左-3,2025/12/31,2026/5/11,東日本,750 ,380 ,950,,,
出荷,1389231092,R4.7.2,2025/12/17,中標津,,"166,000 ",2025/12/22,626 ,2-左-3,2025/12/31,2026/5/12,東・西,866 ,426 ,950,,,
出荷,1557411622,H31.3.6,2025/12/17,中標津,,"148,000 ",2025/12/22,598 ,1-左-9,2025/12/31,2026/6/1,東日本,814 ,414 ,"1,000",,"12/27PM右後足痛そう
●2/8 1-左-13から移動",
出荷,0857370370,H29.7.8,2025/12/18,大楽毛,,"158,000 ",2025/12/22,650 ,1-右-13,2025/12/31,2026/4/7,東・西,706 ,341 ,900,,,
出荷,1388426642,R2.1.15,2025/12/18,大楽毛,,"180,000 ",2025/12/22,740 ,1-右-16,2025/12/31,2026/5/7,中部・西,890 ,452 ,950,,,
淘汰,1486230400,R4.12.23,2025/12/19,幕別,,"190,000 ",2025/12/25,508 ,2-右-2,2025/12/31,2026/3/12,,,,,,,
出荷,1502214575,R2.11.16,2026/1/7,旭川,,"182,000 ",2026/1/13,580 ,2-右-3,2026/1/21,2026/5/21,中部・西,752 ,369 ,950,,,
出荷,1646107900,R3.7.27,2026/1/7,旭川,,"211,000 ",2026/1/13,650 ,1-左-10,2026/1/17,2026/5/14,中部・西,836 ,417 ,950,,,
出荷,1672210056,R5.3.24,2026/1/7,旭川,,"159,000 ",2026/1/13,538 ,1-左-6,2026/1/17,2026/5/14,中部・西,686 ,353 ,950,,,〇
出荷,1386242299,R3.10.3,2026/1/7,中標津,,"199,000 ",2026/1/13,622 ,1-バラ-右,2026/1/17,2026/4/20,東日本,694 ,291 ,830,,,〇
出荷,1372832947,R3.1.20,2026/1/7,中標津,,"151,000 ",2026/1/13,654 ,1-右-12,2026/1/21,2026/5/21,中部・西,798 ,382 ,950,,,
出荷,1611535196,R2.11.11,2026/1/8,大楽毛,,"174,000 ",2026/1/13,626 ,1-右-16,2026/1/17,2026/5/19,東・西,802 ,397 ,950,,,
出荷,1643149224,R3.8.31,2026/1/14,中標津,,"187,000 ",2026/1/19,566 ,3-右-3,2026/1/28,2026/5/25,東日本,760 ,379 ,950,,,
出荷,1609750051,R1.10.30,2026/1/14,中標津,,"187,000 ",2026/1/19,656 ,3-右-2,2026/1/28,2026/5/26,東・西,892 ,450 ,950,,,
出荷,1389162891,R3.12.20,2026/1/14,中標津,,"185,000 ",2026/1/19,532 ,3-右-2,2026/1/28,2026/5/26,東・西,718 ,346 ,950,,,
出荷,1408170111,R5.1.24,2026/1/14,中標津,,"186,000 ",2026/1/19,554 ,3-右-3,2026/1/28,2026/5/25,東日本,732 ,363 ,950,,,
出荷,1670200448,R4.11.21,2026/1/14,中標津,,"195,000 ",2026/1/19,534 ,3-右-3,2026/1/28,2026/5/25,東日本,744 ,388 ,950,,,
出荷,1538530526,R3.12.24,2026/1/15,大楽毛,,"201,000 ",2026/1/19,606 ,3-左-3,2026/1/28,2026/5/26,東・西,772 ,402 ,950,,,
出荷,1616313140,R5.2.1,2026/1/15,大楽毛,,"181,000 ",2026/1/19,574 ,2-右-3,2026/1/28,2026/5/25,東日本,676 ,273 ,870,,,
出荷,0869225712,R2.3.25,2026/1/15,大楽毛,,"184,000 ",2026/1/19,692 ,3-右-2,2026/1/28,2026/5/28,中部・西,830 ,415 ,950,,2/10PM1k残,
出荷,1415219704,H31.4.3,2026/1/15,大楽毛,,"201,000 ",2026/1/19,688 ,3-右-2,2026/1/28,2026/5/28,中部・西,906 ,455 ,950,,,
出荷,1448322136,R5.6.28,2026/1/15,大楽毛,,"164,000 ",2026/1/19,506 ,3-右-2,2026/1/28,2026/6/2,東・西,692 ,339 ,"1,000",,"2/10AM1k残 PM6k残。
2/11AM2k残 PM4k残
2/12AM1k残 PM1k残
4/24PM2k残
●5/29 3-右-3から移動",
淘汰,1352191743,H31.3.12,2026/1/21,旭川,,"181,000 ",2026/1/26,550 ,1-右-16,2026/2/4,2026/2/26,,,,,,,〇
出荷,1603520216,R1.9.14,2026/1/21,中標津,,"179,000 ",2026/1/26,582 ,1-右-14,2026/2/4,2026/6/2,東・西,720 ,354 ,"1,000",,,
出荷,1616845092,R2.6.2,2026/1/21,中標津,,"196,000 ",2026/1/26,668 ,3-左-3,2026/2/4,2026/6/4,中部・西,830 ,397 ,"1,000",,●5/12 3-左-2から移動,
出荷,1668727001,R5.2.20,2026/1/21,中標津,,"195,000 ",2026/1/26,642 ,3-左-3,2026/2/4,2026/6/4,中部・西,812 ,413 ,"1,000",,"3/21AM2k残
●5/12 3-左-2から移動",
出荷,1406527542,R4.3.11,2026/1/21,中標津,,"188,000 ",2026/1/26,570 ,3-左-3,2026/2/4,2026/6/23,東・西,690 ,315 ,"1,000",,"●3/14 3-左-2から移動
●6/9石垣から移動",
出荷,1460221042,R5.3.22,2026/1/21,中標津,,"173,000 ",2026/1/26,586 ,3-左-3,2026/2/4,2026/7/2,中部・西,762 ,361 ,"1,000",注視!,"●3/14 1-右-15から移動
●6/9石垣から移動",
出荷,1388030214,R4.7.29,2026/1/22,大楽毛,,"171,000 ",2026/1/26,570 ,1-左-8,2026/2/4,2026/5/8,東日本,674 ,341 ,950,,,〇
出荷,1613004331,R3.5.15,2026/1/22,大楽毛,,"172,000 ",2026/1/26,596 ,1-右-16,2026/1/28,2026/5/28,中部・西,730 ,358 ,950,,"●1/29 3-左-4から移動
2/11AM1k残
3/6AM1k残
●3/14 3-左-5から移動
●5/2 石垣から移動
●5/26 2-右-3から移動",
出荷,1653009860,R3.12.26,2026/1/22,大楽毛,,"176,000 ",2026/1/26,656 ,3-左-3,2026/1/28,2026/5/26,東・西,770 ,417 ,950,,,
出荷,1633143263,R4.6.1,2026/1/28,中標津,,"201,000 ",2026/2/2,608 ,1-左-12,2026/2/11,2026/6/11,中部・西,770 ,403 ,"1,000",,,
出荷,1550813171,R2.9.29,2026/1/28,中標津,,"181,000 ",2026/2/2,610 ,1-左-15,2026/2/11,2026/6/15,東日本,760 ,363 ,"1,000",,3/14AM下痢,
出荷,1561915130,R5.9.3,2026/1/28,中標津,授精歴あり,"189,000 ",2026/2/2,500 ,1-左-13,2026/2/11,2026/6/22,東日本,728 ,349 ,"1,000",,●6/16 1-左-16から移動,
出荷,1491416257,R3.9.21,2026/1/28,中標津,,"196,000 ",2026/2/2,556 ,3-左-3,2026/2/11,2026/7/2,中部・西,734 ,357 ,"1,000",,"●3/14 1-左-13から移動
●6/9石垣から移動",
出荷,0871869119,R5.4.18,2026/1/29,大楽毛,,"164,000 ",2026/2/2,520 ,1-左-14,2026/2/11,2026/6/11,中部・西,736 ,369 ,"1,000",,,
出荷,1685209962,R5.7.27,2026/2/4,旭川,"★3/13体測
★3/18獣医
内臓・呼吸異常なし。様子見。配合食べ確認。","210,000 ",2026/2/9,680 ,1-右-16,2026/2/14,2026/6/15,東日本,822 ,402 ,"1,000",早めに出荷,,
出荷,1463706157,H31.4.12,2026/2/4,中標津,★4/8体測,"202,000 ",2026/2/9,662 ,1-右-2,2026/2/18,2026/6/23,東・西,754 ,382 ,"1,000",,●4/7 1-右-1から移動,
出荷,1625007504,R2.12.2,2026/2/4,中標津,,"203,000 ",2026/2/9,628 ,2-左-3,2026/2/18,2026/6/18,中部・西,856 ,408 ,"1,000",,,
出荷,1435619850,R4.4.11,2026/2/4,中標津,,"169,000 ",2026/2/9,504 ,2-左-3,2026/2/18,2026/6/22,東日本,682 ,360 ,"1,000",,,
出荷,1521212880,R1.7.7,2026/2/4,中標津,授精歴あり,"181,000 ",2026/2/9,628 ,3-左-6,2026/2/14,2026/6/18,中部・西,810 ,403 ,"1,000",,,
出荷,1584525156,R4.3.2,2026/2/4,中標津,授精歴あり,"200,000 ",2026/2/9,578 ,3-左-6,2026/2/14,2026/6/18,中部・西,804 ,392 ,"1,000",,,
淘汰,1619809046,R2.1.23,2026/2/5,大楽毛,,"166,000 ",2026/2/9,570 ,1-右-16,2026/2/18,2026/4/13,,,,,,,
出荷,0870535411,R3.10.1,2026/2/5,大楽毛,,"189,000 ",2026/2/9,610 ,3-左-6,2026/2/14,2026/6/18,中部・西,802 ,395 ,"1,000",,,
淘汰,1437423240,R5.6.14,2026/2/11,旭川,,"191,000 ",2026/2/16,580 ,2-左-2,2026/2/25,2026/3/19,,,,,,,〇
出荷,1397629683,R3.2.1,2026/2/11,旭川,,"187,000 ",2026/2/16,550 ,1-右-9,2026/2/25,2026/6/29,東日本,722 ,358 ,"1,000",座りがち,"2/19PM草を座って食べている
3/13座りがち
3/25PM呼吸が少し早い",
淘汰,1408154852,R4.5.28,2026/2/12,大楽毛,,"183,000 ",2026/2/16,566 ,1-左-6,2026/2/25,2026/5/21,,,,,,,〇
出荷,1470404015,R1.8.13,2026/2/12,大楽毛,"★3/13体測
★4/8体測","208,000 ",2026/2/16,686 ,1-右-10,2026/2/25,2026/6/23,東・西,844 ,413 ,"1,000",,●5/5 2-左-2から移動,
出荷,1555212481,R2.1.16,2026/2/12,大楽毛,★5/11体測,"198,000 ",2026/2/16,614 ,2-左-2,2026/2/25,2026/6/29,東日本,736 ,371 ,"1,000",乳房注視,"3/27PMあまり食べていない
4/8PM途中から食べない。呼吸が少し早い。
5/16PM途中で食い止める",
出荷,1425573087,R4.3.18,2026/2/17,幕別,,"199,000 ",2026/2/24,514 ,1-右-3,2026/3/4,2026/7/6,東日本,684 ,340 ,"1,000",乳房注視,2/21左前後乳房炎,
出荷,1465818513,R3.3.7,2026/2/18,旭川,,"180,000 ",2026/2/24,584 ,1-右-4,2026/3/4,2026/7/7,東・西,730 ,350 ,"1,000",乳房注視,"3/14PM2k残
3/15AM3k残→草給餌
5/27PM左後乳房炎",
出荷,1634912141,R3.3.3,2026/2/18,中標津,,"178,000 ",2026/2/24,596 ,2-左-1,2026/3/4,2026/7/6,東日本,770 ,390 ,"1,000",乳房注視,"2/21漏乳
4/8AM食い負け気味。途中で食べ止める。
●4/14 2-右-3から移動
4/14PMあまり食べない。",
出荷,0867912089,H31.1.8,2026/2/18,中標津,"★5/11体測
★6/12体測","171,000 ",2026/2/24,612 ,3-右-1,2026/3/4,2026/6/23,東・西,706 ,332 ,"1,000","乳房注視
早めに出荷","2/21右前左後乳房炎
4/8AM途中で食べ止める
4/10PM途中で食べ止める
●4/14 2-右-3から移動
4/15AM1k残
5/8AM1k残
5/9AM1k残
5/16 0.2k残。目がうつろ。
5/27AM0.8k残。
6/15AM0.3k残
6/16AM0.8k残
6/19AM0.2k残",
出荷,1385536078,R4.2.25,2026/2/18,中標津,,"229,000 ",2026/2/24,676 ,3-右-1,2026/3/4,2026/7/7,東・西,844 ,414 ,"1,000",,●4/14 2-右-3から移動,
出荷,1634709437,R3.2.21,2026/2/19,大楽毛,,"198,000 ",2026/2/24,666 ,2-右-2,2026/2/25,2026/5/28,中部・西,880 ,409 ,950,5月末までには出荷,"4/30AM左前漏乳
●5/5 2-右-1から移動",
出荷,0871785549,R5.1.5,2026/2/19,大楽毛,★4/8体測,"183,000 ",2026/2/24,546 ,2-左-1,2026/3/4,2026/6/22,東日本,724 ,272 ,900,早めに出荷,"3/16AMPM食べない
3/19AM食べない
4/1PM後半食べない
●4/14 2-右-3から移動
6/10AM乳房が張ってきた。妊娠の可能性あり。",
出荷,1358178786,R5.3.19,2026/2/19,大楽毛,腹不明,"195,000 ",2026/2/24,582 ,2-右-2,2026/2/25,2026/6/24,中部・西,746 ,381 ,"1,000",,●5/5 2-右-1から移動,
出荷,1558023114,R3.3.26,2026/2/19,大楽毛,,"182,000 ",2026/2/24,616 ,2-右-2,2026/2/25,2026/6/24,中部・西,886 ,436 ,"1,000",乳房注視,"4/8PM右腹腫れ
●5/5 2-右-1から移動",
出荷,1500920348,R5.11.7,2026/2/19,紋別,,"202,000 ",2026/2/24,552 ,2-右-2,2026/2/25,2026/6/30,東・西,770 ,399 ,"1,000",,●5/5 2-右-1から移動,
淘汰,1382202846,R4.10.4,2026/2/24,豊富,,"144,000 ",2026/3/3,570 ,3-右-5,2026/3/11,2026/4/7,,,,,,,
出荷,1543218426,R5.5.8,2026/2/25,旭川,★5/11体測,"203,000 ",2026/3/3,612 ,3-右-5,2026/3/11,2026/7/13,東日本,778 ,404 ,"1,000",,"6/12PM1k残
●6/18 3-右-6から移動",
死亡,1383260630,R2.3.21,2026/2/25,中標津,,"152,000 ",2026/3/3,586 ,3-右-5,2026/3/11,2026/3/21,,,,,,,
出荷,1382225944,H30.11.26,2026/2/25,中標津,,"151,000 ",2026/3/3,636 ,3-左-4,2026/3/11,2026/7/9,中部・西,774 ,378 ,"1,000",,●4/7 3-右-5から移動,
出荷,1619920673,R2.10.23,2026/2/25,中標津,★5/11体測,"191,000 ",2026/3/3,662 ,3-右-5,2026/3/11,2026/7/13,東日本,758 ,406 ,"1,000",注視!,"3/13AMスタンチョンに入らない。食べない。PM下痢。
3/14AMスタンチョンに入らない。食べない。PM入ったけど食べない。
3/16AM1k残
6/16PM0.3k残
●6/18 3-右-6から移動
6/19PM0.4k残
6/23AM0.2k残
6/24AM1k残
7/1AM0.5k残
7/8AM1k残",
出荷,1371830920,R4.2.2,2026/2/26,大楽毛,,"178,000 ",2026/3/3,562 ,1-右-8,2026/3/3,2026/7/2,中部・西,818 ,437 ,"1,000",,,
出荷,0870918184,R4.10.13,2026/2/26,大楽毛,,"179,000 ",2026/3/3,568 ,3-左-4,2026/3/11,2026/7/9,中部・西,756 ,392 ,"1,000",,"●4/7 3-右-5から移動
6/16PM0.3k残",
出荷,0872484878,R4.7.22,2026/2/26,大楽毛,,"182,000 ",2026/3/3,534 ,3-右-5,2026/3/11,2026/7/9,中部・西,748 ,379 ,"1,000",乳房注視,"3/13AMスタンチョンに入らない。食べない。PM下痢。
3/14AMスタンチョンに入らない。食べない。PM入ったけど食べない。
3/16AM1k残
6/12PM6k残。左後乳房炎。
6/13AM6k残。PM0.2k残/2k給餌
●6/18 3-右-6から移動",
出荷,1568614296,R5.6.26,2026/2/26,大楽毛,,"207,000 ",2026/3/3,570 ,3-右-5,2026/3/11,2026/7/9,中部・西,766 ,404 ,"1,000",,●6/18 3-右-6から移動,
出荷,1403334358,R5.4.19,2026/3/4,旭川,,"187,000 ",2026/3/9,540 ,1-右-13,2026/3/18,2026/8/17,東日本,728 ,371 ,"1,000",,"●4/10 1-右-16から移動
5/23AM左前蹄付近から流血",
出荷,1598170755,R2.12.4,2026/3/4,中標津,,"170,000 ",2026/3/9,626 ,1-右-15,2026/3/18,2026/7/30,中部・西,842 ,428 ,"1,000",,3/6右後乳房炎,
出荷,1643431398,R5.5.8,2026/3/4,中標津,,"150,000 ",2026/3/9,570 ,3-左-5,2026/3/18,2026/7/27,東日本,774 ,422 ,"1,000",,,
出荷,1663815017,R4.7.4,2026/3/4,中標津,,"191,000 ",2026/3/9,712 ,3-左-5,2026/3/18,2026/7/28,東・西,932 ,452 ,"1,000",,,
出荷,1589458466,R1.9.16,2026/3/4,中標津,★5/11体測,"196,000 ",2026/3/9,572 ,3-左-6,2026/3/18,2026/8/17,東日本,764 ,407 ,"1,000",,4/30AMしっぽから血,
出荷,1426842533,R4.3.9,2026/3/4,中標津,,"129,000 ",2026/3/9,590 ,3-左-6,2026/3/18,2026/8/17,東日本,762 ,407 ,"1,000",,,
出荷,1626296891,R3.6.19,2026/3/11,中標津,,"201,000 ",2026/3/16,592 ,1-右-5,2026/3/18,2026/7/28,東・西,820 ,422 ,"1,000",,4/16PM左前漏乳,
出荷,1669322120,R4.10.9,2026/3/11,中標津,,"166,000 ",2026/3/16,590 ,1-右-7,2026/3/18,2026/7/27,東日本,792 ,420 ,"1,000",,,
淘汰,1407100423,R5.3.9,2026/3/11,中標津,,"204,000 ",2026/3/16,528 ,2-右-2,2026/3/25,2026/4/1,,,,,,,〇
出荷,1680218860,R5.1.31,2026/3/11,中標津,,"214,000 ",2026/3/16,518 ,1-右-6,2026/3/18,2026/8/18,東・西,814 ,416 ,"1,000",,,
出荷,1394331985,R3.3.6,2026/3/12,大楽毛,,"182,000 ",2026/3/16,626 ,1-左-11,2026/3/25,2026/7/27,東日本,772 ,417 ,"1,000",乳房注視,●5/5 2-右-2から移動,
出荷,0864422383,H29.11.14,2026/3/12,大楽毛,,"160,000 ",2026/3/16,608 ,2-左-1,2026/3/25,2026/7/27,東日本,768 ,390 ,"1,000",,●5/5 2-右-2から移動,
出荷,0867090671,R3.9.1,2026/3/13,幕別,,"176,000 ",2026/3/16,520 ,2-左-3,2026/3/25,2026/8/17,東日本,700 ,353 ,"1,000",,"4/4AM途中から食べない PM呼吸が少し早い
●5/5 2-右-2から移動",
出荷,1416425449,R3.10.31,2026/3/17,幕別,,"234,000 ",2026/3/23,640 ,3-右-1,2026/3/27,2026/8/20,中部・西,842 ,420 ,"1,000",,"●6/9 3-右-4から移動
6/23AMピンクアイ
●8/4 3-右-3から移動",
出荷,1361381463,R4.3.29,2026/3/18,旭川,,"195,000 ",2026/3/23,580 ,1-バラ-左,2026/4/1,2026/8/18,東・西,786 ,388 ,"1,000",,,
出荷,1441054164,R4.2.12,2026/3/18,旭川,,"201,000 ",2026/3/23,680 ,1-バラ-左,2026/4/1,2026/7/22,西日本,758 ,378 ,"1,000",,5/16PM右後足痛めている,
出荷,1417927065,R4.5.14,2026/3/18,中標津,,"184,000 ",2026/3/23,590 ,1-バラ-左,2026/4/1,2026/8/18,東・西,834 ,417 ,"1,000",,,
出荷,1651929351,R4.2.18,2026/3/18,中標津,授精歴あり,"206,000 ",2026/3/23,622 ,3-右-3,2026/4/1,2026/7/30,中部・西,884 ,435 ,"1,000",,●6/9 3-右-4から移動,
出荷,1633142846,R4.1.25,2026/3/18,中標津,★6/12体測,"138,000 ",2026/3/23,540 ,3-右-2,2026/3/27,2026/7/21,東・西,696 ,362 ,"1,000",早めに出荷,"4/17PM0.5k残
5/9AM1k残
●6/9 3-右-4から移動
6/17AM2k残
6/19PM0.2k残
6/29AM0.2k残
7/1AM0.8k残
7/8AM1k残
7/11AM0.8k残
7/13AM1k残
7/14AM3k残。左後足飛節の腫れ。
7/16AMスタンチョンに入りたがらない。",〇
,1637267408,R3.10.6,2026/3/18,中標津,★6/12体測,"138,000 ",2026/3/23,556 ,1-右-5,2026/4/1,2026/9/29,東・西,,,,,"4/15AMあまり食べない。
●8/19 2-右-4から移動
8/20AM2.5k残
8/21AM3k残
9/1AM4k残
9/2AM1k残PM1k残
9/3AM5k残
9/3～草
9/6～3k給餌",〇
出荷,1655322325,R3.12.2,2026/3/18,中標津,,"186,000 ",2026/3/23,572 ,2-右-4,2026/4/1,2026/8/18,東・西,798 ,386 ,"1,000",,7/1AM右目ピンクアイ,
出荷,1612326304,R2.4.30,2026/3/18,中標津,,"165,000 ",2026/3/23,558 ,2-右-4,2026/4/1,2026/8/20,中部・西,826 ,415 ,"1,000",,,
出荷,1437237298,R4.12.23,2026/3/19,大楽毛,,"211,000 ",2026/3/23,564 ,3-右-4,2026/3/27,2026/7/29,東・西,820 ,424 ,"1,000",分娩注意,"4/17PM1k残
●6/9 3-右-4から移動",
出荷,1371350381,H29.12.19,2026/3/19,大楽毛,,"183,000 ",2026/3/23,610 ,2-右-4,2026/4/1,2026/8/20,中部・西,818 ,404 ,"1,000",,,
出荷,1641498294,R5.7.30,2026/3/19,紋別,,"211,000 ",2026/3/23,630 ,1-右-5,2026/4/1,2026/8/20,中部・西,810 ,429 ,"1,000",,●8/18 1-バラ-左から移動,
出荷,1555008121,H30.10.29,2026/3/25,中標津,★6/12体測,"183,000 ",2026/4/1,632 ,3-右-3,2026/4/8,2026/7/21,東・西,720 ,342 ,"1,000",早めに出荷,"4/13PM右後漏乳
5/19PM右角流血
●6/9 3-右-5から移動",
出荷,1569712885,R2.10.4,2026/3/25,中標津,,"219,000 ",2026/4/1,662 ,3-右-5,2026/4/8,2026/9/2,東・西,778 ,385 ,"1,000",,"●6/9 3-右-5から移動
6/24AM0.3k残
7/21AM3k残
●8/4 3-右-4から移動",
出荷,1482676035,H30.9.3,2026/3/26,大楽毛,,"198,000 ",2026/4/1,668 ,3-右-1,2026/4/8,2026/8/25,東日本,880 ,436 ,"1,000",,"●6/9 3-右-5から移動
●8/4 3-右-3から移動",
出荷,1394331947,R3.2.26,2026/3/26,大楽毛,,"185,000 ",2026/4/1,606 ,3-右-5,2026/4/8,2026/9/2,東・西,794 ,404 ,"1,000",,"●6/9 3-右-5から移動
●8/4 3-右-4から移動",
出荷,1540017763,R5.11.4,2026/4/1,中標津,,"183,000 ",2026/4/6,548 ,1-右-11,2026/4/15,2026/8/25,東日本,672 ,342 ,"1,000",,"●5/2 2-右-3から移動
●6/23 石垣から移動
7/22AM1k残。左後足痛がっている。
7/24AM1k残",
出荷,1374327144,R3.5.24,2026/4/1,中標津,授精歴あり,"157,000 ",2026/4/6,606 ,1-右-12,2026/4/15,2026/9/7,東日本,766 ,382 ,"1,000",,"●5/2 2-右-3から移動
●6/23 石垣から移動",
出荷,1546415303,R4.12.1,2026/4/1,中標津,,"194,000 ",2026/4/6,656 ,1-右-9,2026/4/8,2026/9/3,中部・西,836 ,448 ,"1,000",,"●6/30 1-右-1から移動
8/17AM1k残",
出荷,1647446206,R3.5.29,2026/4/1,中標津,授精歴あり,"215,000 ",2026/4/6,686 ,2-左-2,2026/4/15,2026/9/3,中部・西,846 ,429 ,"1,000",,"6/22 2-左-4から移動
●8/19 2-左-3から移動",
出荷,1527513790,R1.10.24,2026/4/1,中標津,,"188,000 ",2026/4/6,626 ,2-左-3,2026/4/15,2026/9/7,東日本,824 ,384 ,"1,000",,"6/19PM右前後漏乳
6/22 2-左-4から移動",
,0871417235,R4.3.31,2026/4/2,大楽毛,★6/12体測,"185,000 ",2026/4/6,558 ,1-左-10,2026/4/15,,,,,,,"●5/2 2-右-3から移動
●6/9 石垣から移動",
出荷,1657680522,R5.6.17,2026/4/2,大楽毛,"腹不明
★6/12体測","201,000 ",2026/4/6,552 ,1-左-12,2026/4/15,2026/8/25,東日本,704 ,347 ,"1,000",乳房注視,"4/22右前足痛めている
●5/5 2-左-4から移動
5/16PM6k残。～5/18まで草。
5/19AM～3k
5/20AM～5k
5/22～草。右前左後乳房炎。PM呼吸が少し早い。
5/23～3k給餌
5/27～4k給餌
5/27PM0.2k残
5/29AM2k残 PM0.1k残
6/2PM0.3k残。
6/15PM1k残
●6/16 1-左-13から移動",
淘汰,1552413867,R3.10.4,2026/4/2,大楽毛,,"153,000 ",2026/4/6,552 ,乾乳,2026/4/16,2026/4/13,,,,,,,
,0871118927,R5.9.22,2026/4/8,旭川,,"183,000 ",2026/4/13,540 ,1-左-2,2026/4/22,,,,,,,7/11AM2k残,
出荷,1612341529,R1.10.23,2026/4/8,中標津,授精歴あり,"210,000 ",2026/4/13,672 ,1-左-3,2026/4/22,2026/8/25,東日本,782 ,396 ,"1,000",,,
出荷,1598712078,R3.6.7,2026/4/8,中標津,,"223,000 ",2026/4/13,658 ,1-左-4,2026/4/22,2026/9/3,中部・西,864 ,426 ,"1,000",,,
出荷,1554014390,R4.4.30,2026/4/8,中標津,,"189,000 ",2026/4/13,608 ,1-左-5,2026/4/22,2026/9/3,中部・西,854 ,422 ,"1,000",,,
出荷,1624888005,R3.6.7,2026/4/9,大楽毛,★6/12体測,"154,000 ",2026/4/13,600 ,2-左-3,2026/4/15,2026/7/21,東・西,726 ,335 ,"1,000",早めに出荷,"4/23AM途中から食べない
6/22 2-左-4から移動",
,1524216595,R5.3.18,2026/4/16,紋別,,"215,000 ",2026/4/13,544 ,1-右-14,2026/4/29,,,,,,,"●5/12 1-左-1から移動
●6/9 1-左-8から移動
7/11AM2.5k残
7/13PM2k残
7/14AM2k残
7/15AM3k残
7/16AM1.5k残
7/17AM0.8k残
7/22AM1k残
8/3AM1k残
8/6AM1k残
8/19AM0.5k残",
出荷,1588212625,R3.5.22,2026/4/22,旭川,★6/12体測,"219,000 ",2026/4/27,670 ,1-バラ-右,2026/5/6,2026/9/8,東・西,772 ,367 ,"1,000",,"5/27AM途中食べ止める
6/13AMPM途中食べ止める
6/15PM途中食べ止める。右目ピンクアイ。
6/17AM途中食べ止める。
6/29AMあまり食べない。
7/2AM途中食べ止める。",
出荷,1492016876,R4.4.20,2026/4/22,中標津,,"180,000 ",2026/4/27,550 ,1-バラ-右,2026/5/6,2026/9/8,東・西,672 ,332 ,"1,000",,"5/27AM途中食べ止める
6/15AM途中食べ止める
6/16PM右後漏乳",
淘汰,1641309842,R3.7.31,2026/4/22,中標津,,"192,000 ",2026/4/27,546 ,1-バラ-右,2026/5/6,2026/6/2,,,,,,"5/20AM途中食べ止める
5/27PM途中食べ止める
5/30AM途中食べ止める",
死亡,1423320171,R1.8.15,2026/4/22,中標津,授精歴あり,"167,000 ",2026/4/27,578 ,2-右-1,2026/5/6,2026/5/31,,,,,,5/30AM食べに来ない PM立ち上がらない,〇
出荷,0866032061,R1.9.5,2026/4/22,中標津,,"133,000 ",2026/4/27,530 ,2-左-1,2026/4/27,2026/9/8,東・西,704 ,369 ,"1,000",,"4/25左前足腫れ
7/15PM呼吸が早い
●7/15 3-左-1から移動",
出荷,1583217434,R4.10.31,2026/4/22,中標津,,"225,000 ",2026/4/27,576 ,1-右-6,2026/4/27,2026/9/8,東・西,790 ,426 ,"1,000",,"●8/4 3-左-3から移動
●8/18 3-左-1から移動",
出荷,0871116701,R3.11.10,2026/4/23,大楽毛,,"151,000 ",2026/4/27,556 ,1-バラ-右,2026/5/6,2026/9/9,東・西,682 ,339 ,"1,000",,"5/27AM途中食べ止める
9/1AM途中食べ止める",
出荷,1647510396,R3.10.20,2026/4/23,紋別,,"229,000 ",2026/4/27,620 ,2-右-2,2026/5/6,2026/9/9,東・西,750 ,368 ,"1,000",,●6/30 1-右-1から移動,
,1661052445,R4.6.19,2026/4/23,紋別,,"171,000 ",2026/4/27,570 ,2-左-2,2026/5/6,,,,,,乳房注視,"●6/30 1-右-1から移動
7/1AM左側パンパン。左前乳房炎、左後漏乳
9/15 2-右-2から移動",
出荷,1587708709,R1.8.18,2026/4/23,紋別,★6/12体測,"213,000 ",2026/4/27,650 ,2-右-2,2026/5/6,2026/9/10,中部・西,790 ,390 ,"1,000",,"5/20AM食いが悪い
5/30AM食べに来ない。PM食べない。
●6/30 2-右-1から移動",
出荷,1569003983,R1.7.1,2026/4/29,中標津,授精歴あり,"223,000 ",2026/5/1,602 ,1-左-1,2026/5/13,2026/9/24,中部・西,776 ,,,,"5/27PM0.1k残
7/17AM2.5k残",
淘汰,1614408480,R1.12.29,2026/4/29,中標津,"授精歴あり
★6/12体測","184,000 ",2026/5/1,656 ,1-右-16,2026/5/13,2026/7/2,,,,,"乳房注視
7月前半体測","5/16AM1.5k残。
5/27AM4k残。PM0.1残。右前後乳房炎。
5/30PM2.5k残。
6/2AM1k残。
6/3AM5k残
6/5～草
6/9～4ｋ
6/12PM0.5k残。
6/13AMPM1.5k残。
6/15AM1k残PM0.5k残
6/16AM3k残 PM2.5k残
6/17AM3k残
●6/18 3-左-2から移動",〇
出荷,1616833174,R1.12.25,2026/4/29,中標津,,"202,000 ",2026/5/1,668 ,3-左-5,2026/5/13,2026/9/24,中部・西,908 ,,,,,
出荷,0865566451,H30.10.20,2026/5/6,中標津,,"183,000 ",2026/5/1,522 ,1-右-10,2026/5/20,2026/9/24,中部・西,768 ,,,,"6/2PM1k残
●6/23 1-右-11から移動",
,1590014385,R5.1.20,2026/5/6,中標津,,"193,000 ",2026/5/1,512 ,3-左-5,2026/5/13,2026/9/29,東・西,,,,,"5/16AM1.5k残。
6/16AM1k残
7/8AM0.5k残",
,1375556161,R5.5.23,2026/5/6,中標津,授精歴あり,"205,000 ",2026/5/1,500 ,1-左-3,2026/5/13,,,,,,乳房注視,"5/27PM0.5k残。
8/20AM3.5k残PM2k残
8/21AM3k残。右前乳房炎。
8/24～草
●9/1 3-左-5から移動
9/2AM3k残。下痢
9/3～草
9/6～3k給餌",
,1486316265,R4.1.2,2026/5/14,大楽毛,,"203,000 ",2026/5/18,598 ,2-右-3,2026/5/27,,,,,,,5/27PM食い負け,
,1433134171,R4.7.3,2026/5/19,豊富,,"212,000 ",2026/5/25,644 ,2-右-3,2026/5/27,,,,,,,6/15PM食べに来ない,
,1575076353,H30.11.25,2026/5/20,中標津,,"189,000 ",2026/5/25,534 ,1-左-6,2026/6/3,,,,,,,6/3AM2k残。,
,1668730131,R5.1.6,2026/5/20,中標津,,"215,000 ",2026/5/25,467 ,2-右-3,2026/5/27,,,,,,分娩注意,,
,1598712559,R4.8.10,2026/5/20,中標津,授精歴あり,"166,000 ",2026/5/25,524 ,2-右-3,2026/5/27,,,,,,分娩注意,,
,1632307253,R5.11.25,2026/5/26,豊富,右前足爪欠けてる,"216,000 ",2026/5/29,510 ,1-左-7,2026/6/10,,,,,,,,
,0869864041,R2.8.22,2026/5/26,豊富,,"210,000 ",2026/5/29,650 ,1-左-9,2026/6/10,,,,,,,5/27PM座って草を食べている。,
,1599513131,R4.5.20,2026/5/27,旭川,,"252,000 ",2026/5/29,600 ,1-左-8,2026/6/10,,,,,,,,
,1652510343,R3.10.16,2026/6/2,豊富,授精歴あり,"180,000 ",2026/6/8,572 ,2-左-1,2026/6/17,,,,,,,"7/15PM呼吸が早い
●7/15 3-右-4から移動",
,1632210003,R2.6.17,2026/6/2,豊富,授精歴あり,"208,000 ",2026/6/8,640 ,3-右-1,2026/6/17,,,,,,,"7/1AM1.5k残
●9/1 3-右-5から移動",
,1612292739,R2.12.28,2026/6/3,旭川,,"256,000 ",2026/6/8,634 ,1-右-12,2026/6/17,,,,,,乳房注視,"6/13AM右後左前乳房炎
7/8AM全く食べず
7/14AM1k残
9/15 1-左-16から移動",
,1483521266,R5.4.25,2026/6/3,中標津,,"210,000 ",2026/6/8,522 ,1-左-4,2026/6/17,,,,,,,"6/23AM右後足を痛めている
7/13PM1k残
7/14AM1.5k残
7/15AM1.5k残
7/16AM2k残
7/21AM1.5k残
7/22AM3k残
7/23AM1k残
8/4AM1k残
8/6AM1.5k残
8/10AM4/6k残
8/17AM1.5k残
9/15 1-左-14から移動",
,0864609548,H28.4.20,2026/6/3,中標津,,"236,000 ",2026/6/8,684 ,1-左-5,2026/6/17,,,,,,乳房注視,"6/15PM右後乳房炎
7/16AM1k残
9/15 1-左-15から移動",
,0866744537,R1.9.26,2026/6/4,大楽毛,,"221,000 ",2026/6/8,534 ,1-右-4,2026/6/17,,,,,,,"6/19PM0.2k残
6/29AM0.8k残
7/1AM2k残
7/6AM3k残
7/7AM3k残
7/8AM1.5k残
●7/10 3-右-4から移動
7/11～全く食べない。草は食べる。
7/27PM1kしか食べない。
7/29AM食べない。
8/6AM0.5/1k残
8/7AM0.5/1k残
8/12AM1/1k残
8/13～15草
8/17AM0.5/1k残
8/18AM0.5/1k残
8/20AM0.5/1k残
9/1AM0.4/1k残
9/3～草
9/6～3k給餌
9/9AM1.5k残/3k",〇
,1591513641,R4.8.3,2026/6/4,大楽毛,腹不明(5/13),"216,000 ",2026/6/8,530 ,3-右-1,2026/6/17,,,,,,,"7/7AM0.5k残
●9/1 3-右-5から移動",
,1489618397,R5.5.27,2026/6/10,旭川,,"233,000 ",2026/6/15,510 ,2-左-3,2026/6/24,,,,,,,"7/8AM2-左-4で16.5k残
●8/19 2-左-4から移動",
,1404762792,R5.3.11,2026/6/10,旭川,,"238,000 ",2026/6/15,510 ,2-左-3,2026/6/24,,,,,,,"7/8AM2-左-4で16.5k残
●8/19 2-左-4から移動",
,1612341413,R1.9.18,2026/6/10,中標津,,"244,000 ",2026/6/15,630 ,1-左-12,2026/6/24,,,,,,,9/15 1-左-13から移動,
全廃,1650722519,R4.6.22,2026/6/11,大楽毛,,"169,000 ",2026/6/15,470 ,1-右-5,2026/6/24,2026/8/7,,,,,,"6/18食べない
6/19AMポカリ、チオビタ給餌
7/8AM2-左-4で16.5k残
7/21AM配合食べない。軟便。
7/23AM6k食べてなさそう。
7/27AMPMあまり食べていない。
●7/28 2-左-4から移動
7/28AM食べていない
7/29AM食べていない
7/30AM食べていない
8/6AM0.5/1k残",〇
,1374934106,R5.5.2,2026/6/17,旭川,,"208,000 ",2026/6/22,620 ,1-右-2,2026/7/1,,,,,,,,
,1638408954,R3.7.3,2026/6/17,旭川,,"204,000 ",2026/6/22,520 ,2-左-3,2026/6/24,,,,,,,"7/8AM2-左-4で16.5k残
7/28PM途中食べ止める
7/29PM途中食べ止める
7/30PM途中食べ止める
●8/19 2-左-4から移動",
,1503715224,R4.3.4,2026/6/17,中標津,,"189,000 ",2026/6/22,542 ,1-右-1,2026/7/1,,,,,,,,
,1685313850,R6.5.2,2026/6/23,豊富,,"225,000 ",2026/6/29,600 ,1-右-16,2026/7/3,,,,,,,"7/16AM1.5k残
7/21AM1.5k残
8/4AM1k残
8/6AM1k残",
,1595739238,R2.6.2,2026/6/25,大楽毛,,"226,000 ",2026/6/29,586 ,2-右-1,2026/7/8,,,,,,乳房注視,6/27右後乳房炎,
,1479525506,R4.3.18,2026/6/25,大楽毛,,"220,000 ",2026/6/29,620 ,2-右-1,2026/7/8,,,,,,,,
,1692636164,R6.5.13,2026/7/1,旭川,,"201,000 ",2026/7/6,515 ,1-右-3,2026/7/8,,,,,,,"7/3下痢、目がくぼんでいる
7/8～ビタミン給与
7/21AM2k残
7/27PM1.5k残
7/29AM1k残
7/30AM1k残
7/31AM2k残
8/4AM1k残
8/6AM1k残
8/7AM1.5k残
8/17AM0.5k残
8/18AM1.5k残
9/1AM0.8
9/3AM1k残",
全廃,1638723767,R3.12.27,2026/7/1,旭川,,"245,000 ",2026/7/6,528 ,3-左-6,2026/7/15,2026/7/16,,,,,,7/11AM左後漏乳,
,1487118240,R3.9.16,2026/7/1,旭川,,"222,000 ",2026/7/6,536 ,3-左-1,2026/7/15,,,,,,乳房注視,"8/7AM1/2k残。左右前乳房炎。
●8/18 3-左-6から移動",
,1397992183,R1.12.26,2026/7/1,旭川,,"252,000 ",2026/7/6,593 ,3-右-5,2026/7/15,,,,,,,"7/29AM3k残
8/1AM全く食べず
8/20AM全く食べずPM1k残
8/24～草
8/26～3k
●9/1 3-右-6から移動
9/4AM4k給餌
9/5AM3k給餌
9/6～4k給餌",
,1689282978,R6.5.3,2026/7/1,旭川,,"239,000 ",2026/7/6,510 ,3-右-5,2026/7/15,,,,,,,"8/19AM1.5k残
8/24～草
8/26～3k
●9/1 3-右-6から移動
9/4AM4k給餌
9/5AM3k給餌。スタンチョンにすぐ入らない。1k残。
9/6～4k給餌
9/7PM1k残。",
,1481117546,R4.5.5,2026/7/1,旭川,,"202,000 ",2026/7/6,525 ,3-右-5,2026/7/15,,,,,,,"7/29AM2.5k残
7/31AM1k残
8/24～草
8/26～3k
●9/1 3-右-6から移動
9/4AM4k給餌
9/5AM3k給餌
9/6～4k給餌",
,1699409235,R6.3.30,2026/7/1,旭川,,"221,000 ",2026/7/6,493 ,3-右-5,2026/7/15,,,,,,,"7/23AM2k残
7/29AM2k残
8/17AM2k残
8/19AM1k残
8/20AM2k残PM1k残
8/24～草
8/26～3k
●9/1 3-右-6から移動
9/4AM4k給餌
9/5AM3k給餌
9/6～4k給餌
9/11AM1k残",
,1674237891,R5.7.4,2026/7/2,大楽毛,腹不明,"252,000 ",2026/7/6,497 ,2-右-1,2026/7/8,,,,,,,,
,1394736384,R6.2.27,2026/7/2,大楽毛,,"213,000 ",2026/7/6,464 ,2-右-1,2026/7/8,,,,,,,"8/10AM草を食べに来ない
8/11AM配合ガッツリ食べない",
,1480018721,R4.2.21,2026/7/2,大楽毛,,"201,000 ",2026/7/6,518 ,3-左-1,2026/7/16,,,,,,,●8/18 3-左-6から移動,
,0860603502,R3.10.27,2026/7/8,旭川,,"233,000 ",2026/7/13,570 ,2-左-2,2026/7/22,,,,,,,,
,1692636355,R6.6.27,2026/7/8,旭川,,"198,000 ",2026/7/13,505 ,3-左-2,2026/7/22,,,,,,,"8/3AM1.5k残
8/5AM1k残
8/17AM0.5k残
8/21AM1k残
8/26AM0.5k残
9/1AM0.2k残",
淘汰,1586253255,R1.10.2,2026/7/8,中標津,,"165,000 ",2026/7/13,522 ,2-左-2,2026/7/22,2026/8/7,,,,,,"7/30AMあまり食べてない。
8/4AM2kくらいしか食べていない。ひどい乳房炎。",〇
,1691925504,R6.3.28,2026/7/8,中標津,,"175,000 ",2026/7/13,460 ,3-左-2,2026/7/22,,,,,,,,
,0870933750,R5.1.28,2026/7/8,中標津,,"187,000 ",2026/7/13,484 ,3-左-2,2026/7/22,,,,,,,,
,1498813141,H31.2.28,2026/7/8,中標津,,"180,000 ",2026/7/13,628 ,3-右-2,2026/7/22,,,,,,,,
,1452251200,R4.6.13,2026/7/8,中標津,授精歴あり,"230,000 ",2026/7/13,578 ,3-右-2,2026/7/22,,,,,,,,
,1484716159,H31.4.27,2026/7/8,中標津,,"236,000 ",2026/7/13,608 ,3-右-2,2026/7/22,,,,,,,,
,1532815568,R3.7.12,2026/7/9,大楽毛,,"202,000 ",2026/7/13,570 ,2-左-2,2026/7/22,,,,,,,,
,1616922298,R2.10.27,2026/7/9,大楽毛,,"194,000 ",2026/7/13,548 ,2-左-2,2026/7/22,,,,,,,,
,1669709174,R6.5.7,2026/7/9,大楽毛,,"217,000 ",2026/7/13,608 ,3-右-2,2026/7/22,,,,,,乳房注視,8/7AM右後乳房炎,
,0871350983,R5.4.15,2026/7/9,紋別,,"167,000 ",2026/7/13,540 ,3-左-2,2026/7/22,,,,,,,"8/20AM0.5k残
9/1AM1.5k残。PM草。
9/2AM草
9/5AM3k給餌",
淘汰,1538417209,R4.9.22,2026/7/9,紋別,,"232,000 ",2026/7/13,670 ,1-右-8,2026/7/22,2026/7/29,,,,,,"7/23AM1k残
7/24AM2k残。下痢が治らない。
7/27PM1.5k残",〇
,1443429434,R3.12.6,2026/7/17,幕別,,"229,000 ",2026/7/21,585 ,1-右-7,2026/7/29,,,,,,,"8/1PM0.5k残/1k
8/6AM1/2k残
8/7AM0.5/2k残
8/10AM0.5/2k残
8/12AM1k残
8/13～15草
9/2PM5k残",
,1425823885,R6.2.11,2026/7/22,旭川,,"248,000 ",2026/7/27,524 ,1-左-11,2026/8/5,,,,,,,"8/6AM2/2k残
8/7AM0.5/1k残
9/5PM3k残
9/18AM2.5k残",
,1512718032,R5.4.3,2026/7/22,旭川,,"246,000 ",2026/7/27,610 ,3-右-3,2026/8/5,,,,,,,,
,1608813368,R4.10.19,2026/7/22,旭川,,"232,000 ",2026/7/27,665 ,1-右-8,2026/8/5,,,,,,乳房注視,"9/2AM3k残。左前乳房炎。
9/3～草
9/6～3k給餌",〇
,1570407718,R2.4.23,2026/7/22,中標津,授精歴あり,"182,000 ",2026/7/27,582 ,3-右-3,2026/8/5,,,,,,,"8/17AM1k残
8/21AM左前以外漏乳
9/11AM0.5k残",
,1684012433,R5.6.5,2026/7/22,中標津,,"215,000 ",2026/7/27,508 ,3-左-3,2026/8/5,,,,,,,,
,1440526105,R4.10.28,2026/7/22,中標津,授精歴あり,"233,000 ",2026/7/27,532 ,3-左-3,2026/8/5,,,,,,,,
,1567115534,R4.11.17,2026/7/23,大楽毛,,"221,000 ",2026/7/27,630 ,3-左-3,2026/8/5,,,,,,乳房注視,"9/7AM3k残。右後乳房炎。PM3k残。
9/8AMk残。配合給餌時、座ったまま。スタンチョンに入らず。
9/9AM2k残。PM3k残
9/10AM1k残
9/11AM2k残
9/14AM0.4k残",
,1397427685,R4.3.12,2026/7/23,大楽毛,,"183,000 ",2026/7/27,542 ,3-右-3,2026/8/5,,,,,,,,
,1376726488,R1.10.31,2026/7/23,大楽毛,,"196,000 ",2026/7/27,655 ,1-右-15,2026/8/5,,,,,,,8/7AM1/2k残,
,0869999156,R2.5.15,2026/7/23,大楽毛,,"201,000 ",2026/7/27,612 ,3-右-3,2026/8/5,,,,,,,,
,1448926495,R5.12.10,2026/7/23,大楽毛,,"254,000 ",2026/7/27,616 ,3-左-3,2026/8/5,,,,,,,8/1AM座って草を食べる,
,1641904399,R3.10.31,2026/7/28,豊富,,"223,000 ",2026/8/3,530 ,3-左-4,2026/8/12,,,,,,,"8/19AM0.5k残
8/21AM0.5k残",
,1629911906,R4.12.29,2026/7/29,旭川,,"220,000 ",2026/8/3,580 ,3-右-4,2026/8/12,,,,,,,,
,1462823473,R6.8.2,2026/7/29,中標津,,"240,000 ",2026/8/3,494 ,3-右-4,2026/8/12,,,,,,,,
,1506116561,R4.3.12,2026/7/29,中標津,授精歴あり,"226,000 ",2026/8/3,520 ,3-左-4,2026/8/12,,,,,,,,
,1664002270,R5.2.3,2026/7/29,中標津,授精歴あり,"216,000 ",2026/8/3,526 ,3-左-4,2026/8/12,,,,,,,,
,1448708473,H25.11.4,2026/7/30,大楽毛,,"227,000 ",2026/8/3,646 ,3-左-4,2026/8/12,,,,,,,8/20AM食べたらすぐ座る。呼吸早い。,
,1449824325,R5.8.25,2026/7/30,大楽毛,,"210,000 ",2026/8/3,474 ,3-右-4,2026/8/12,,,,,,,,
,1637710522,R3.3.10,2026/7/30,紋別,,"243,000 ",2026/8/3,550 ,3-右-4,2026/8/12,,,,,,,,
,0862342379,R5.10.28,2026/8/5,旭川,,"192,000 ",2026/8/10,515 ,3-左-6,2026/8/19,,,,,,,"9/4AM4k給餌
9/5AM3k給餌
9/6～4k給餌
9/17AM0.5k残
9/25AM1k残",
,1646009372,R3.9.17,2026/8/5,旭川,,"243,000 ",2026/8/10,580 ,1-右-13,2026/8/19,,,,,,,,
,1484726998,R6.2.18,2026/8/5,中標津,,"201,000 ",2026/8/10,464 ,1-バラ-左,2026/8/19,,,,,,,,
,1533122191,R5.7.13,2026/8/5,中標津,授精歴あり(7/12),"188,000 ",2026/8/10,500 ,3-左-6,2026/8/19,,,,,,,"9/4AM4k給餌
9/5AM3k給餌
9/6～4k給餌",
,1521518562,R4.1.30,2026/8/5,中標津,,"201,000 ",2026/8/10,490 ,1-バラ-左,2026/8/19,,,,,,,,
,1585010255,H31.1.21,2026/8/5,中標津,,"193,000 ",2026/8/10,562 ,2-右-4,2026/8/19,,,,,,,"9/4AM3頭で2k残。最後の方食べに来ない。
9/5PMあまり食べない。
9/5AM3頭で14k残",
,1435324921,R6.3.29,2026/8/5,中標津,,"252,000 ",2026/8/10,570 ,3-左-6,2026/8/19,,,,,,乳房注視,"8/26AM2.5k残
9/4AM4k給餌
9/5AM3k給餌
9/6～4k給餌
9/9PM1.5k残/4k
9/10AM1k残/4k
9/11AM1.5k残
9/14AM0.5/5k残
9/17AM3k残
9/18AM0.3k残
9/25AM3k残。左後乳房炎。",〇
,1494717450,R3.1.15,2026/8/6,大楽毛,,"200,000 ",2026/8/10,664 ,3-左-6,2026/8/19,,,,,,,"8/26AM2.5k残
9/1AMスタンチョンに入らない。0.2/3k残
9/4AM4k給餌
9/5AM3k給餌
9/6～4k給餌
9/9AM配合給餌時座ったまま。スタンチョンに入らない。
9/14AM1/5k残
9/18AM2k残",
,1646509360,R3.6.10,2026/8/6,大楽毛,,"194,000 ",2026/8/10,604 ,1-バラ-左,2026/8/19,,,,,,,,
,1371835734,R4.8.25,2026/8/6,大楽毛,,"249,000 ",2026/8/10,632 ,2-右-4,2026/8/19,,,,,,,"9/4AM3頭で2k残
9/5AM3頭で14k残",
,0872070033,R3.9.15,2026/8/6,大楽毛,,"202,000 ",2026/8/10,512 ,2-右-4,2026/8/19,,,,,,,"9/4AM3頭で2k残
9/5AM3頭で14k残
9/5PMあまり食べない。",
,1574215555,R5.3.26,2026/8/18,豊富,,"220,000 ",2026/8/24,525 ,2-左-4,2026/8/27,,,,,,,9/4 4頭で4k残,
,0864495363,R2.11.2,2026/8/19,旭川,,"249,000 ",2026/8/24,650 ,3-右-6,2026/9/2,,,,,,,,
,0860405441,R3.11.23,2026/8/20,大楽毛,,"207,000 ",2026/8/24,522 ,3-右-6,2026/9/2,,,,,,,,
,1550508008,H30.8.18,2026/8/20,大楽毛,腹不明,"231,000 ",2026/8/24,558 ,2-左-4,2026/8/27,,,,,,,"9/4 4頭で4k残
9/5PM食べない",
,1394361708,R5.10.30,2026/8/20,大楽毛,,"166,000 ",2026/8/24,536 ,2-左-4,2026/8/27,,,,,,,9/4 4頭で4k残,
,0866744582,R1.11.16,2026/8/20,大楽毛,,"197,000 ",2026/8/24,584 ,2-左-4,2026/8/27,,,,,,,"9/1AM途中食べ止める
9/4 4頭で4k残",
,1642812396,R3.1.19,2026/8/20,大楽毛,,"221,000 ",2026/8/24,620 ,3-右-6,2026/9/2,,,,,,,,
,1387944093,R4.11.10,2026/8/20,大楽毛,,"188,000 ",2026/8/24,572 ,3-右-6,2026/9/2,,,,,,,8/28PM座って草を食べている,
,1436920436,R4.4.20,2026/8/26,旭川,,"233,000 ",2026/9/1,570 ,1-バラ-右,2026/9/9,,,,,,,,
,1563513587,R2.11.4,2026/8/27,大楽毛,,"152,000 ",2026/9/1,564 ,1-バラ-右,2026/9/9,,,,,,乳房注視,9/14AM右後乳房炎,
,1363174001,R2.8.6,2026/8/27,大楽毛,,"252,000 ",2026/9/1,680 ,1-バラ-右,2026/9/9,,,,,,,,
,1611010716,R2.6.1,2026/9/3,大楽毛,,"257,000 ",2026/9/7,684 ,1-左-14,2026/9/17,,,,,,,,
,1400048661,R6.3.28,2026/9/3,大楽毛,,"152,000 ",2026/9/7,452 ,1-右-11,2026/9/17,,,,,,,,
,1415127337,R5.9.4,2026/9/3,大楽毛,,"251,000 ",2026/9/7,506 ,2-右-2,2026/9/16,,,,,,,,
,1371830807,R3.12.12,2026/9/3,大楽毛,,"235,000 ",2026/9/7,644 ,2-右-2,2026/9/16,,,,,,,,
淘汰,1679423008,R5.6.24,2026/9/3,紋別,,"216,000 ",2026/9/7,484 ,1-左-13,2026/9/16,2026/9/24,,,,,,"9/17AM2k残
9/18AM2k残",〇
死亡,1480618686,R5.12.27,2026/9/9,旭川,,"213,000 ",2026/9/14,590 ,1-左-16,2026/9/23,2026/9/20,,,,,,,
,1454949853,R6.6.13,2026/9/9,旭川,,"228,000 ",2026/9/14,520 ,2-右-2,2026/9/16,,,,,,,,
,1657680980,R5.8.23,2026/9/10,大楽毛,腹不明,"160,000 ",2026/9/14,481 ,2-右-2,2026/9/16,,,,,,,,
,1533815475,R5.10.20,2026/9/10,大楽毛,,"220,000 ",2026/9/14,514 ,1-左-15,2026/9/23,,,,,,,,
,0875108474,R5.8.7,2026/9/15,豊富,授精歴あり,"223,000 ",2026/9/18,524 ,乾乳,2026/9/29,,,,,,,,
,1443224282,R6.7.11,2026/9/16,旭川,,"205,000 ",2026/9/18,500 ,乾乳,2026/9/30,,,,,,,,
,1657525564,R4.10.18,2026/9/16,中標津,,"211,000 ",2026/9/18,483 ,乾乳,2026/9/30,,,,,,,,
,1620608942,R2.11.5,2026/9/16,中標津,授精歴あり,"241,000 ",2026/9/18,594 ,乾乳,2026/9/30,,,,,,,,
,1627091594,R3.11.5,2026/9/16,中標津,,"230,000 ",2026/9/18,596 ,乾乳,2026/9/30,,,,,,,,
,0871350976,R5.4.13,2026/9/17,紋別,,"223,000 ",2026/9/18,600 ,乾乳,2026/10/1,,,,,,,,
,0869968145,R3.8.3,2026/9/17,大楽毛,,"229,000 ",2026/9/1,628 ,乾乳,2026/10/1,,,,,,,,
,1662605787,R5.1.18,2026/9/17,大楽毛,,"229,000 ",2026/9/1,516 ,乾乳,2026/10/1,,,,,,,,
,1456434043,R4.8.7,2026/9/18,幕別,,"210,000 ",2026/9/1,608 ,乾乳,2026/10/2,,,,,,,,
受入中,0871869157,R5.6.21,2026/9/24,大楽毛,,"229,000 ",2026/9/1,,乾乳,2026/10/8,,,,,,,,
受入中,0876714483,R6.5.18,2026/9/24,紋別,,"212,000 ",2026/9/1,560 ,乾乳,2026/10/8,,,,,,,,
