個体識別番号,体重測定日,体重,報告
1440523883,2024/10/25,580,
1665751986,2024/10/25,550,
1440523883,2024/11/26,595,
1665751986,2024/11/26,590,
1440523883,2024/12/23,610,
1665751986,2024/12/23,616,
1478606428,2024/12/23,595,
1499314135,2024/12/23,570,
1377537083,2024/12/23,540,
1440523883,2025/1/26,610,
1665751986,2025/1/26,615,
1478606428,2025/1/26,600,
1499314135,2025/1/26,515,
1377537083,2025/1/26,560,
1514416325,2025/1/26,590,
1443014333,2025/1/26,710,
1610710822,2025/1/26,630,
1440523883,2025/2/21,634,
1665751986,2025/2/21,642,
1377537083,2025/2/21,590,
1499314135,2025/2/21,580,
1478606428,2025/2/21,635,
1514416325,2025/2/21,650,
1443014333,2025/2/21,735,
1610710822,2025/2/21,680,
0869817757,2025/2/21,550,
1406161746,2025/2/21,670,
1551105657,2025/2/21,620,
1533414012,2025/2/21,630,
1592909665,2025/2/21,720,
1665783970,2025/2/21,575,
1516292620,2025/2/21,640,
1462718892,2025/2/21,570,
1388649577,2025/2/21,650,
1516257599,2025/2/21,640,
1435314090,2025/2/21,565,
1561910371,2025/2/21,680,
1584012342,2025/2/21,615,
1588212465,2025/2/21,620,
1655395855,2025/2/21,595,
1368438719,2025/2/21,800,
1634824123,2025/2/21,585,
1562908797,2025/2/21,700,
1403204699,2025/2/21,640,
1541907100,2025/2/21,645,
1470118882,2025/2/21,570,
1454517687,2025/2/21,720,
1432425966,2025/2/21,690,
1440523883,2025/3/24,630,
1665751986,2025/3/24,635,
1377537083,2025/3/24,540,
1499314135,2025/3/24,575,
1478606428,2025/3/24,648,
1514416325,2025/3/24,700,
1443014333,2025/3/24,735,
1610710822,2025/3/24,700,
0869817757,2025/3/24,595,
1406161746,2025/3/24,715,
1551105657,2025/3/24,665,
1533414012,2025/3/24,665,
1592909665,2025/3/24,740,
1665783970,2025/3/24,590,
1516292620,2025/3/24,615,
1462718892,2025/3/24,550,
1388649577,2025/3/24,645,
1516257599,2025/3/24,665,
1435314090,2025/3/24,575,
1561910371,2025/3/24,720,
1584012342,2025/3/24,635,
1588212465,2025/3/24,615,
1655395855,2025/3/24,590,
1368438719,2025/3/24,830,
1634824123,2025/3/24,590,
1562908797,2025/3/24,700,
1403204699,2025/3/24,630,
1541907100,2025/3/24,650,
1470118882,2025/3/24,630,
1454517687,2025/3/24,700,
1432425966,2025/3/24,750,
0865297997,2025/3/24,695,
0865798470,2025/3/24,665,
0867595152,2025/3/24,590,
1555876515,2025/3/24,690,
1383924976,2025/3/24,670,
1467478371,2025/3/24,600,
0867045213,2025/3/24,590,
1608115127,2025/3/24,575,
1660510267,2025/3/24,640,
1426254206,2025/3/24,615,
1432722843,2025/3/24,610,
1645087470,2025/3/24,650,
1658703268,2025/3/24,535,
1634921495,2025/3/24,580,
1504107387,2025/3/24,685,
1476515753,2025/3/24,665,
1402528499,2025/3/24,630,
1625111423,2025/3/24,610,
1404302721,2025/3/24,680,
1410732680,2025/3/24,720,
1424619595,2025/3/24,655,
1459018288,2025/3/24,705,
1459018240,2025/3/24,755,
1574711019,2025/3/24,655,
1395724236,2025/3/24,670,
1515214753,2025/3/24,645,
1397318044,2025/3/24,650,
1416916985,2025/3/24,560,
1511115610,2025/3/24,590,
0305610881,2025/3/24,640,
1562213280,2025/3/24,580,
1661610300,2025/3/24,575,
1400430305,2025/3/24,580,
1609112170,2025/3/24,555,
0868482857,2025/3/24,590,
1636947370,2025/3/24,550,
1374326512,2025/3/24,570,
1679435018,2025/3/24,540,
1627013978,2025/3/24,610,
1395502636,2025/3/24,645,
1482215531,2025/3/24,635,
0862636171,2025/3/24,650,
1440523883,2025/4/24,625,
1665751986,2025/4/24,640,
1377537083,2025/4/24,590,
1499314135,2025/4/24,600,
1478606428,2025/4/24,625,
1514416325,2025/4/24,760,
1443014333,2025/4/24,715,
1610710822,2025/4/24,710,
0869817757,2025/4/24,670,
1406161746,2025/4/24,705,
1551105657,2025/4/24,660,
1533414012,2025/4/24,690,
1592909665,2025/4/24,790,
1665783970,2025/4/24,640,
1516292620,2025/4/24,610,
1462718892,2025/4/24,590,
1388649577,2025/4/24,700,
1516257599,2025/4/24,695,
1435314090,2025/4/24,615,
1561910371,2025/4/24,750,
1584012342,2025/4/24,675,
1588212465,2025/4/24,585,
1655395855,2025/4/24,620,
1368438719,2025/4/24,870,
1634824123,2025/4/24,640,
1562908797,2025/4/24,690,
1403204699,2025/4/24,620,
1541907100,2025/4/24,675,
1470118882,2025/4/24,595,
1454517687,2025/4/24,720,
1432425966,2025/4/24,805,
0865297997,2025/4/24,725,
0865798470,2025/4/24,710,
0867595152,2025/4/24,630,
1555876515,2025/4/24,755,
1383924976,2025/4/24,710,
1467478371,2025/4/24,655,
0867045213,2025/4/24,595,
1608115127,2025/4/24,615,
1660510267,2025/4/24,650,
1426254206,2025/4/24,665,
1432722843,2025/4/24,635,
1645087470,2025/4/24,675,
1658703268,2025/4/24,555,
1634921495,2025/4/24,640,
1504107387,2025/4/24,755,
1476515753,2025/4/24,685,
1402528499,2025/4/24,685,
1625111423,2025/4/24,645,
1404302721,2025/4/24,695,
1410732680,2025/4/24,735,
1424619595,2025/4/24,700,
1459018288,2025/4/24,730,
1459018240,2025/4/24,770,
1574711019,2025/4/24,715,
1395724236,2025/4/24,710,
1515214753,2025/4/24,685,
1397318044,2025/4/24,620,
1416916985,2025/4/24,605,
1511115610,2025/4/24,600,
0305610881,2025/4/24,650,
1562213280,2025/4/24,640,
1661610300,2025/4/24,545,
1400430305,2025/4/24,570,
1609112170,2025/4/24,570,
0868482857,2025/4/24,570,
1636947370,2025/4/24,550,
1374326512,2025/4/24,510,
1679435018,2025/4/24,560,
1627013978,2025/4/24,640,
1395502636,2025/4/24,650,
1482215531,2025/4/24,670,
0862636171,2025/4/24,655,
1556363700,2025/4/24,670,
1455016400,2025/4/24,645,
1655824058,2025/4/24,620,
1402128279,2025/4/24,630,
1659233931,2025/4/24,600,
0868510819,2025/4/24,675,
1548507723,2025/4/24,600,
1566414201,2025/4/24,585,
1685210036,2025/4/24,510,
1525620650,2025/4/24,580,
1548812964,2025/4/24,625,
1679426726,2025/4/24,510,
0865770063,2025/4/24,605,
1619366617,2025/4/24,705,
1499114902,2025/4/24,610,
0869226344,2025/4/24,715,
1600612112,2025/4/24,665,
1528915449,2025/4/24,610,
1423422035,2025/4/24,620,
1635309506,2025/4/24,575,
1479714078,2025/4/24,590,
1612385622,2025/4/24,580,
1589215335,2025/4/24,665,
0864601689,2025/4/24,630,
1597814490,2025/4/24,670,
0870377592,2025/4/24,670,
1481617138,2025/4/24,600,
1600612327,2025/4/24,545,
1564158787,2025/4/24,555,
1560310509,2025/4/24,595,
1562211668,2025/4/24,610,
1508616144,2025/4/24,585,
0869876792,2025/4/24,700,
1407965015,2025/4/24,610,
1364242761,2025/4/24,585,
0866964768,2025/4/24,550,
0870038790,2025/4/24,660,
1579513151,2025/4/24,,
1665751986,2025/5/26,680,
1377537083,2025/5/26,612,
1516292620,2025/5/26,665,
1462718892,2025/5/26,665,
1516257599,2025/5/26,725,
1435314090,2025/5/26,690,
1561910371,2025/5/26,780,
1584012342,2025/5/26,720,
1588212465,2025/5/26,600,
1634824123,2025/5/26,680,
1562908797,2025/5/26,725,
1403204699,2025/5/26,690,
1541907100,2025/5/26,700,
1470118882,2025/5/26,605,
0865297997,2025/5/26,740,
0865798470,2025/5/26,770,
0867595152,2025/5/26,700,
1555876515,2025/5/26,785,
1383924976,2025/5/26,740,
0867045213,2025/5/26,588,
1608115127,2025/5/26,645,
1660510267,2025/5/26,720,
1426254206,2025/5/26,715,
1432722843,2025/5/26,660,
1645087470,2025/5/26,710,
1658703268,2025/5/26,625,
1634921495,2025/5/26,690,
1504107387,2025/5/26,780,
1476515753,2025/5/26,640,
1402528499,2025/5/26,750,
1625111423,2025/5/26,660,
1404302721,2025/5/26,705,
1410732680,2025/5/26,762,
1424619595,2025/5/26,760,
1459018288,2025/5/26,800,
1459018240,2025/5/26,825,
1574711019,2025/5/26,770,
1395724236,2025/5/26,745,
1515214753,2025/5/26,730,
1397318044,2025/5/26,590,
1416916985,2025/5/26,630,
1511115610,2025/5/26,640,
0305610881,2025/5/26,680,
1562213280,2025/5/26,690,
1661610300,2025/5/26,590,
1400430305,2025/5/26,610,
1609112170,2025/5/26,600,
0868482857,2025/5/26,590,
1636947370,2025/5/26,555,
1374326512,2025/5/26,580,
1679435018,2025/5/26,560,
1627013978,2025/5/26,655,
1395502636,2025/5/26,680,
1482215531,2025/5/26,615,
0862636171,2025/5/26,630,
1556363700,2025/5/26,680,
1455016400,2025/5/26,680,
1655824058,2025/5/26,660,
1402128279,2025/5/26,680,
1659233931,2025/5/26,650,
0868510819,2025/5/26,725,
1548507723,2025/5/26,640,
1566414201,2025/5/26,615,
1685210036,2025/5/26,525,
1525620650,2025/5/26,585,
1548812964,2025/5/26,695,
1679426726,2025/5/26,560,
0865770063,2025/5/26,665,
1619366617,2025/5/26,750,
1499114902,2025/5/26,640,
0869226344,2025/5/26,775,
1600612112,2025/5/26,715,
1528915449,2025/5/26,650,
1423422035,2025/5/26,685,
1635309506,2025/5/26,545,
1479714078,2025/5/26,630,
1612385622,2025/5/26,590,
1589215335,2025/5/26,650,
0864601689,2025/5/26,645,
1597814490,2025/5/26,690,
0870377592,2025/5/26,700,
1481617138,2025/5/26,615,
1600612327,2025/5/26,545,
1564158787,2025/5/26,580,
1560310509,2025/5/26,650,
1562211668,2025/5/26,695,
1508616144,2025/5/26,660,
0869876792,2025/5/26,745,
1407965015,2025/5/26,640,
1364242761,2025/5/26,580,
0866964768,2025/5/26,615,
0870038790,2025/5/26,630,
0870431621,2025/5/26,575,
1543218112,2025/5/26,610,
1435403701,2025/5/26,600,
1580312118,2025/5/26,730,
1571713542,2025/5/26,640,
1520014355,2025/5/26,600,
1508616250,2025/5/26,620,
1657709414,2025/5/26,535,
1642709061,2025/5/26,570,
1521309658,2025/5/26,675,
1424929793,2025/5/26,670,
0867584514,2025/5/26,540,
1510516234,2025/5/26,630,
1459019452,2025/5/26,685,
1485416430,2025/5/26,640,
1624010512,2025/5/26,530,
1550414682,2025/5/26,510,
1523106804,2025/5/26,590,
1663506182,2025/5/26,565,
1385026524,2025/5/26,675,
1415222841,2025/5/26,565,
1368435961,2025/5/26,690,
1496712736,2025/5/26,680,
1379836412,2025/5/26,630,
1510075182,2025/5/26,615,
1476417323,2025/5/26,550,
1482819234,2025/5/26,585,
1387530470,2025/5/26,530,
0869227020,2025/5/26,630,
1524607553,2025/5/26,,
1436117331,2025/5/26,,
1377537083,2025/6/26,640,
1588212465,2025/6/26,645,
1470118882,2025/6/26,680,
1383924976,2025/6/26,845,
0867045213,2025/6/26,625,
1608115127,2025/6/26,695,
1660510267,2025/6/26,740,
1426254206,2025/6/26,750,
1645087470,2025/6/26,800,
1658703268,2025/6/26,695,
1476515753,2025/6/26,720,
1410732680,2025/6/26,775,
1397318044,2025/6/26,625,
1416916985,2025/6/26,635,
1511115610,2025/6/26,675,
0305610881,2025/6/26,740,
1661610300,2025/6/26,635,
1400430305,2025/6/26,620,
1609112170,2025/6/26,630,
0868482857,2025/6/26,610,
1636947370,2025/6/26,595,
1374326512,2025/6/26,615,
1679435018,2025/6/26,595,
1627013978,2025/6/26,700,
1395502636,2025/6/26,755,
1482215531,2025/6/26,635,
0862636171,2025/6/26,695,
1556363700,2025/6/26,730,
1455016400,2025/6/26,690,
1655824058,2025/6/26,710,
1402128279,2025/6/26,725,
1659233931,2025/6/26,685,
0868510819,2025/6/26,740,
1548507723,2025/6/26,720,
1566414201,2025/6/26,615,
1685210036,2025/6/26,530,
1525620650,2025/6/26,630,
1548812964,2025/6/26,715,
1679426726,2025/6/26,580,
0865770063,2025/6/26,700,
1619366617,2025/6/26,805,
1499114902,2025/6/26,680,
0869226344,2025/6/26,775,
1600612112,2025/6/26,720,
1528915449,2025/6/26,695,
1423422035,2025/6/26,720,
1635309506,2025/6/26,575,
1479714078,2025/6/26,665,
1612385622,2025/6/26,645,
1589215335,2025/6/26,705,
0864601689,2025/6/26,670,
1597814490,2025/6/26,730,
0870377592,2025/6/26,750,
1481617138,2025/6/26,625,
1600612327,2025/6/26,505,
1564158787,2025/6/26,650,
1560310509,2025/6/26,675,
1562211668,2025/6/26,725,
1508616144,2025/6/26,690,
0869876792,2025/6/26,780,
1407965015,2025/6/26,680,
1364242761,2025/6/26,635,
0866964768,2025/6/26,560,
0870038790,2025/6/26,635,
0870431621,2025/6/26,590,
1543218112,2025/6/26,590,
1435403701,2025/6/26,710,
1580312118,2025/6/26,745,
1571713542,2025/6/26,665,
1520014355,2025/6/26,670,
1508616250,2025/6/26,670,
1657709414,2025/6/26,570,
1642709061,2025/6/26,605,
1424929793,2025/6/26,720,
0867584514,2025/6/26,630,
1510516234,2025/6/26,670,
1459019452,2025/6/26,720,
1624010512,2025/6/26,570,
1550414682,2025/6/26,540,
1523106804,2025/6/26,620,
1663506182,2025/6/26,600,
1385026524,2025/6/26,690,
1415222841,2025/6/26,585,
1368435961,2025/6/26,730,
1496712736,2025/6/26,705,
1379836412,2025/6/26,655,
1510075182,2025/6/26,615,
1476417323,2025/6/26,565,
1482819234,2025/6/26,620,
1387530470,2025/6/26,550,
0869227020,2025/6/26,640,
1397629591,2025/6/26,620,
1494129574,2025/6/26,585,
1396629615,2025/6/26,580,
1578908057,2025/6/26,640,
1510517088,2025/6/26,550,
1457419025,2025/6/26,540,
1617612020,2025/6/26,535,
1417627415,2025/6/26,555,
1489617994,2025/6/26,665,
1498615578,2025/6/26,710,
0871964913,2025/6/26,520,
0871964753,2025/6/26,490,
1661609519,2025/6/26,635,
1571911016,2025/6/26,620,
1615311857,2025/6/26,680,
1512815960,2025/6/26,620,
1377537083,2025/7/26,585,
1588212465,2025/7/26,665,
0867045213,2025/7/26,635,
1397318044,2025/7/26,635,
1416916985,2025/7/26,645,
1661610300,2025/7/26,680,
1400430305,2025/7/26,655,
1609112170,2025/7/26,660,
0868482857,2025/7/26,650,
1636947370,2025/7/26,620,
1374326512,2025/7/26,640,
1679435018,2025/7/26,600,
1482215531,2025/7/26,690,
1566414201,2025/7/26,680,
1685210036,2025/7/26,555,
1525620650,2025/7/26,640,
1679426726,2025/7/26,615,
1619366617,2025/7/26,825,
0869226344,2025/7/26,810,
1635309506,2025/7/26,600,
1479714078,2025/7/26,700,
1612385622,2025/7/26,685,
1589215335,2025/7/26,720,
0864601689,2025/7/26,675,
1481617138,2025/7/26,680,
1600612327,2025/7/26,540,
1564158787,2025/7/26,660,
1508616144,2025/7/26,740,
0869876792,2025/7/26,785,
1407965015,2025/7/26,725,
1364242761,2025/7/26,655,
0866964768,2025/7/26,590,
0870038790,2025/7/26,665,
0870431621,2025/7/26,630,
1543218112,2025/7/26,655,
1435403701,2025/7/26,740,
1580312118,2025/7/26,815,
1571713542,2025/7/26,715,
1520014355,2025/7/26,700,
1508616250,2025/7/26,675,
1657709414,2025/7/26,595,
1642709061,2025/7/26,550,
1424929793,2025/7/26,770,
0867584514,2025/7/26,655,
1510516234,2025/7/26,735,
1459019452,2025/7/26,770,
1624010512,2025/7/26,630,
1550414682,2025/7/26,585,
1523106804,2025/7/26,650,
1663506182,2025/7/26,635,
1385026524,2025/7/26,610,
1368435961,2025/7/26,805,
1496712736,2025/7/26,765,
1379836412,2025/7/26,670,
1510075182,2025/7/26,625,
1476417323,2025/7/26,585,
1482819234,2025/7/26,640,
1387530470,2025/7/26,570,
0869227020,2025/7/26,695,
1397629591,2025/7/26,590,
1494129574,2025/7/26,540,
1396629615,2025/7/26,590,
1578908057,2025/7/26,645,
1510517088,2025/7/26,575,
1457419025,2025/7/26,555,
1617612020,2025/7/26,580,
1417627415,2025/7/26,605,
1489617994,2025/7/26,620,
1498615578,2025/7/26,640,
0871964913,2025/7/26,570,
0871964753,2025/7/26,530,
1661609519,2025/7/26,600,
1571911016,2025/7/26,570,
1615311857,2025/7/26,660,
1512815960,2025/7/26,625,
1562909121,2025/7/26,575,
1505522172,2025/7/26,630,
1530015557,2025/7/26,460,
1374934311,2025/7/26,535,
1408926978,2025/7/26,555,
1630444059,2025/7/26,575,
1522604028,2025/7/26,500,
1621204945,2025/7/26,570,
1609009708,2025/7/26,615,
1413336755,2025/7/26,580,
1485916145,2025/7/26,610,
1417627378,2025/7/26,545,
1402125322,2025/7/26,570,
1628813027,2025/7/26,535,
1618408745,2025/7/26,565,
1539114718,2025/7/26,580,
1415735914,2025/7/26,535,
1476893776,2025/7/26,510,
1530015854,2025/7/26,565,
1533614931,2025/7/26,590,
1375061702,2025/7/26,565,
1492518004,2025/7/26,495,
1669904760,2025/7/26,470,
1482914205,2025/7/26,,
1377537083,2025/8/25,640,
0867045213,2025/8/25,655,
1397318044,2025/8/25,680,
1416916985,2025/8/25,660,
0868482857,2025/8/25,680,
1636947370,2025/8/25,660,
1374326512,2025/8/25,670,
1679435018,2025/8/25,660,
1685210036,2025/8/25,610,
1525620650,2025/8/25,700,
1679426726,2025/8/25,645,
1635309506,2025/8/25,630,
1600612327,2025/8/25,580,
0866964768,2025/8/25,605,
0870431621,2025/8/25,680,
1435403701,2025/8/25,790,
1580312118,2025/8/25,870,
1571713542,2025/8/25,750,
1657709414,2025/8/25,610,
1424929793,2025/8/25,825,
0867584514,2025/8/25,580,
1510516234,2025/8/25,745,
1459019452,2025/8/25,770,
1624010512,2025/8/25,690,
1550414682,2025/8/25,645,
1523106804,2025/8/25,710,
1663506182,2025/8/25,675,
1368435961,2025/8/25,840,
1496712736,2025/8/25,800,
1379836412,2025/8/25,630,
1510075182,2025/8/25,675,
1476417323,2025/8/25,640,
1482819234,2025/8/25,705,
1387530470,2025/8/25,580,
0869227020,2025/8/25,780,
1397629591,2025/8/25,615,
1494129574,2025/8/25,570,
1396629615,2025/8/25,635,
1578908057,2025/8/25,650,
1510517088,2025/8/25,600,
1457419025,2025/8/25,600,
1617612020,2025/8/25,570,
1417627415,2025/8/25,660,
1489617994,2025/8/25,670,
1498615578,2025/8/25,725,
0871964913,2025/8/25,595,
0871964753,2025/8/25,560,
1661609519,2025/8/25,635,
1571911016,2025/8/25,545,
1615311857,2025/8/25,695,
1512815960,2025/8/25,640,
1562909121,2025/8/25,630,
1530015557,2025/8/25,470,
1374934311,2025/8/25,525,
1408926978,2025/8/25,600,
1630444059,2025/8/25,585,
1522604028,2025/8/25,530,
1621204945,2025/8/25,630,
1609009708,2025/8/25,650,
1413336755,2025/8/25,605,
1485916145,2025/8/25,620,
1417627378,2025/8/25,540,
1402125322,2025/8/25,590,
1628813027,2025/8/25,555,
1618408745,2025/8/25,595,
1539114718,2025/8/25,570,
1415735914,2025/8/25,555,
1476893776,2025/8/25,510,
1530015854,2025/8/25,545,
1533614931,2025/8/25,595,
1375061702,2025/8/25,565,
1492518004,2025/8/25,480,
1669904760,2025/8/25,500,
1528206936,2025/8/25,650,
1432835499,2025/8/25,550,
1385941407,2025/8/25,510,
1542323848,2025/8/25,590,
1491304134,2025/8/25,590,
1636903994,2025/8/25,615,
1374433876,2025/8/25,510,
1409861322,2025/8/25,510,
1613059805,2025/8/25,635,
1598613993,2025/8/25,520,
1639204777,2025/8/25,585,
0872018387,2025/8/25,590,
1620608904,2025/8/25,600,
1658837765,2025/8/25,505,
1650821854,2025/8/25,625,
1488916142,2025/8/25,590,
1453721535,2025/8/25,575,
1469105312,2025/8/25,650,
1531215727,2025/8/25,610,
1448904998,2025/8/25,550,
1607510084,2025/8/25,565,
1582908890,2025/8/25,655,
1576707836,2025/8/25,520,
1482558102,2025/8/25,525,
1546914509,2025/8/25,565,
1604422434,2025/8/25,505,
1606160136,2025/8/25,670,
1661618481,2025/8/25,580,
1377235170,2025/8/25,610,
1527615760,2025/8/25,555,
1406524831,2025/8/25,560,
1644852246,2025/8/25,605,
1679426726,2025/9/25,680,
1635309506,2025/9/25,675,
1600612327,2025/9/25,655,
0866964768,2025/9/25,720,
1657709414,2025/9/25,625,
0867584514,2025/9/25,635,
1550414682,2025/9/25,670,
1496712736,2025/9/25,815,
1476417323,2025/9/25,700,
1387530470,2025/9/25,595,
1397629591,2025/9/25,650,
1494129574,2025/9/25,645,
1396629615,2025/9/25,665,
1510517088,2025/9/25,665,
1457419025,2025/9/25,640,
1617612020,2025/9/25,565,
1489617994,2025/9/25,700,
1498615578,2025/9/25,750,
0871964913,2025/9/25,615,
0871964753,2025/9/25,600,
1661609519,2025/9/25,675,
1571911016,2025/9/25,580,
1615311857,2025/9/25,745,
1512815960,2025/9/25,675,
1562909121,2025/9/25,650,
1408926978,2025/9/25,595,
1630444059,2025/9/25,640,
1522604028,2025/9/25,580,
1621204945,2025/9/25,695,
1609009708,2025/9/25,720,
1413336755,2025/9/25,640,
1485916145,2025/9/25,670,
1417627378,2025/9/25,590,
1402125322,2025/9/25,645,
1628813027,2025/9/25,585,
1618408745,2025/9/25,640,
1539114718,2025/9/25,625,
1415735914,2025/9/25,610,
1476893776,2025/9/25,560,
1530015854,2025/9/25,565,
1533614931,2025/9/25,590,
1375061702,2025/9/25,615,
1492518004,2025/9/25,500,
1669904760,2025/9/25,540,
1528206936,2025/9/25,710,
1432835499,2025/9/25,540,
1542323848,2025/9/25,615,
1491304134,2025/9/25,625,
1636903994,2025/9/25,645,
1374433876,2025/9/25,535,
1409861322,2025/9/25,560,
1613059805,2025/9/25,670,
1639204777,2025/9/25,600,
0872018387,2025/9/25,585,
1620608904,2025/9/25,585,
1658837765,2025/9/25,510,
1650821854,2025/9/25,620,
1488916142,2025/9/25,560,
1453721535,2025/9/25,595,
1469105312,2025/9/25,725,
1531215727,2025/9/25,600,
1448904998,2025/9/25,555,
1607510084,2025/9/25,575,
1576707836,2025/9/25,550,
1546914509,2025/9/25,595,
1604422434,2025/9/25,525,
1606160136,2025/9/25,710,
1661618481,2025/9/25,605,
1377235170,2025/9/25,655,
1527615760,2025/9/25,590,
1406524831,2025/9/25,595,
1644852246,2025/9/25,670,
1522013318,2025/9/25,515,
1610781112,2025/9/25,595,
1668904419,2025/9/25,530,
1374424577,2025/9/25,650,
1354897551,2025/9/25,520,
1661630971,2025/9/25,550,
1552013869,2025/9/25,670,
1612204176,2025/9/25,610,
1505512067,2025/9/25,640,
1363926587,2025/9/25,740,
1411319330,2025/9/25,690,
1608309632,2025/9/25,660,
1593212467,2025/9/25,595,
0861265099,2025/9/25,615,
0865887617,2025/9/25,615,
1525410985,2025/9/25,610,
1584523879,2025/9/25,620,
0870014671,2025/9/25,640,
1438512639,2025/9/25,660,
1477130658,2025/9/25,635,
1664426380,2025/9/25,585,
1492518950,2025/9/25,680,
1628337240,2025/9/25,615,
1592903120,2025/9/25,600,
1618350952,2025/9/25,630,
1660408489,2025/9/25,620,
1652717681,2025/9/25,655,
1594810020,2025/9/25,605,
1627051185,2025/9/25,,
1363849930,2025/9/25,,
0867584514,2025/10/1,654,×
1387530470,2025/10/1,610,×
1510517088,2025/10/1,636,×
1607510084,2025/10/1,570,×
1576707836,2025/10/1,550,×
0866268057,2025/10/13,650,×
1594810020,2025/10/13,610,×
1661630971,2025/10/13,654,×
1374424577,2025/10/13,688,×
1552013869,2025/10/13,700,×
1604422434,2025/10/13,542,×
1374433876,2025/10/13,594,×
1652717681,2025/10/13,676,×
1431920325,2025/10/13,580,×
1584523879,2025/10/16,628,×
1525410985,2025/10/16,592,×
0861265099,2025/10/16,660,×
1510517088,2025/10/16,652,×
1607510084,2025/10/16,586,×
1432835499,2025/10/16,594,×
1409861322,2025/10/16,612,×
0867584514,2025/10/16,678,×
1593212467,2025/10/16,630,×
0871964753,2025/10/16,640,×
1531215727,2025/10/16,616,×
1453721535,2025/10/16,644,×
1448904998,2025/10/16,606,×
1609009708,2025/10/16,764,×
1457419025,2025/10/16,676,×
1650821854,2025/10/16,662,×
1658837765,2025/10/16,548,×
1620608904,2025/10/16,704,×
1488916142,2025/10/16,622,×
1657709414,2025/10/16,692,×
1571911016,2025/10/16,616,×
1375061702,2025/10/16,626,×
0867584514,2025/10/25,682,
1657709414,2025/10/25,682,
1387530470,2025/10/25,630,
0871964913,2025/10/25,628,
0871964753,2025/10/25,642,
1571911016,2025/10/25,618,
1562909121,2025/10/25,676,
1609009708,2025/10/25,758,
1408926978,2025/10/25,654,
1630444059,2025/10/25,696,
1522604028,2025/10/25,636,
1413336755,2025/10/25,656,
1417627378,2025/10/25,634,
1402125322,2025/10/25,690,
1628813027,2025/10/25,638,
1485916145,2025/10/25,654,
1618408745,2025/10/25,680,
1539114718,2025/10/25,648,
1415735914,2025/10/25,634,
1530015854,2025/10/25,614,
1375061702,2025/10/25,628,
1492518004,2025/10/25,580,
1669904760,2025/10/25,602,
1528206936,2025/10/25,792,
1432835499,2025/10/25,572,
1542323848,2025/10/25,636,
1491304134,2025/10/25,666,
1636903994,2025/10/25,700,
1374433876,2025/10/25,580,
1409861322,2025/10/25,606,
1613059805,2025/10/25,750,
1639204777,2025/10/25,664,
0872018387,2025/10/25,680,
1620608904,2025/10/25,684,
1488916142,2025/10/25,630,
1618350952,2025/10/25,666,
1469105312,2025/10/25,794,
1660408489,2025/10/25,598,
1628337240,2025/10/25,660,
1607510084,2025/10/25,596,
1576707836,2025/10/25,562,
1546914509,2025/10/25,626,
1604422434,2025/10/25,562,
1606160136,2025/10/25,730,
1661618481,2025/10/25,652,
1527615760,2025/10/25,622,
1377235170,2025/10/25,676,
1406524831,2025/10/25,624,
1644852246,2025/10/25,680,
1658837765,2025/10/25,572,
1668904419,2025/10/25,544,
1374424577,2025/10/25,648,
1354897551,2025/10/25,590,
1661630971,2025/10/25,556,
1552013869,2025/10/25,688,
1612204176,2025/10/25,612,
1505512067,2025/10/25,672,
1411319330,2025/10/25,712,
1608309632,2025/10/25,676,
1593212467,2025/10/25,632,
0861265099,2025/10/25,644,
0865887617,2025/10/25,646,
1525410985,2025/10/25,632,
1584523879,2025/10/25,630,
0870014671,2025/10/25,690,
1438512639,2025/10/25,690,
1477130658,2025/10/25,700,
1664426380,2025/10/25,626,
1492518950,2025/10/25,700,
0866268057,2025/10/25,666,
1592903120,2025/10/25,640,
1453721535,2025/10/25,656,
1531215727,2025/10/25,602,
1448904998,2025/10/25,612,
1652717681,2025/10/25,696,
1546767969,2025/10/25,634,
1390835944,2025/10/25,692,
1594810020,2025/10/25,606,
1531212641,2025/10/25,642,
1391118695,2025/10/25,692,
1422047185,2025/10/25,782,
1485416379,2025/10/25,682,
1456906465,2025/10/25,678,
1495216723,2025/10/25,698,
1610781174,2025/10/25,584,
1498812946,2025/10/25,738,
1474413099,2025/10/25,700,
1396600768,2025/10/25,600,
1592411410,2025/10/25,644,
1650821854,2025/10/25,660,
1517413925,2025/10/25,628,
1616890382,2025/10/25,702,
1516016745,2025/10/25,720,
1567011973,2025/10/25,630,
1599010333,2025/10/25,638,
1603555027,2025/10/25,518,
0868807315,2025/10/25,700,
1459604030,2025/10/25,634,
1584376826,2025/10/25,720,
1372481558,2025/10/25,730,
1498915302,2025/10/25,620,
1636312185,2025/10/25,530,
1507107049,2025/10/25,636,
1391042143,2025/10/25,678,
1589012996,2025/10/25,624,
1555412867,2025/10/25,606,
1372334533,2025/10/25,,
1474413099,2025/11/5,695,×
1599010333,2025/11/5,620,×
1613059805,2025/11/11,736,×
1639204777,2025/11/11,654,×
1491304134,2025/11/11,640,×
1661618481,2025/11/11,632,×
1415735914,2025/11/11,640,×
0871964913,2025/11/25,624,
1417627378,2025/11/25,684,
1402125322,2025/11/25,730,
1539114718,2025/11/25,644,
1415735914,2025/11/25,642,
1530015854,2025/11/25,652,
1492518004,2025/11/25,646,
1669904760,2025/11/25,606,
1432835499,2025/11/25,614,
1542323848,2025/11/25,624,
1491304134,2025/11/25,664,
1374433876,2025/11/25,620,
1409861322,2025/11/25,668,
1613059805,2025/11/25,762,
1639204777,2025/11/25,690,
0872018387,2025/11/25,682,
1620608904,2025/11/25,722,
1658837765,2025/11/25,612,
1650821854,2025/11/25,702,
1488916142,2025/11/25,670,
1469105312,2025/11/25,826,
1453721535,2025/11/25,718,
1531215727,2025/11/25,648,
1448904998,2025/11/25,656,
1576707836,2025/11/25,634,
1546914509,2025/11/25,698,
1604422434,2025/11/25,612,
1606160136,2025/11/25,812,
1661618481,2025/11/25,662,
1527615760,2025/11/25,690,
1377235170,2025/11/25,716,
1406524831,2025/11/25,628,
1644852246,2025/11/25,726,
1668904419,2025/11/25,604,
1374424577,2025/11/25,706,
1354897551,2025/11/25,632,
1661630971,2025/11/25,616,
1552013869,2025/11/25,742,
1612204176,2025/11/25,656,
1505512067,2025/11/25,714,
1411319330,2025/11/25,706,
1608309632,2025/11/25,500,
1593212467,2025/11/25,702,
0861265099,2025/11/25,684,
0865887617,2025/11/25,668,
1525410985,2025/11/25,680,
1584523879,2025/11/25,688,
0870014671,2025/11/25,736,
1438512639,2025/11/25,734,
1477130658,2025/11/25,738,
1664426380,2025/11/25,664,
1492518950,2025/11/25,704,
0866268057,2025/11/25,712,
1618350952,2025/11/25,694,
1660408489,2025/11/25,616,
1628337240,2025/11/25,688,
1592903120,2025/11/25,632,
1652717681,2025/11/25,722,
1546767969,2025/11/25,678,
1390835944,2025/11/25,712,
1531212641,2025/11/25,664,
1391118695,2025/11/25,704,
1422047185,2025/11/25,824,
1485416379,2025/11/25,710,
1456906465,2025/11/25,694,
1495216723,2025/11/25,748,
1610781174,2025/11/25,638,
1498812946,2025/11/25,768,
1474413099,2025/11/25,720,
1396600768,2025/11/25,642,
1592411410,2025/11/25,670,
1517413925,2025/11/25,672,
1616890382,2025/11/25,740,
1516016745,2025/11/25,766,
1567011973,2025/11/25,630,
1599010333,2025/11/25,634,
1603555027,2025/11/25,526,
0868807315,2025/11/25,740,
1459604030,2025/11/25,682,
1584376826,2025/11/25,754,
1372481558,2025/11/25,722,
1498915302,2025/11/25,668,
1636312185,2025/11/25,582,
1507107049,2025/11/25,660,
1391042143,2025/11/25,754,
1589012996,2025/11/25,628,
1555412867,2025/11/25,672,
1352580394,2025/11/25,678,
1408170456,2025/11/25,564,
1466915952,2025/11/25,684,
1538713066,2025/11/25,620,
1587809628,2025/11/25,650,
1457419407,2025/11/25,566,
1562916754,2025/11/25,562,
1505415825,2025/11/25,604,
1586708502,2025/11/25,640,
1609415905,2025/11/25,658,
0873108377,2025/11/25,592,
1438220947,2025/11/25,696,
1585810879,2025/11/25,598,
1462120800,2025/11/25,624,
1401525192,2025/11/25,678,
1591512699,2025/11/25,574,
1612311676,2025/11/25,650,
1639492396,2025/11/25,585,
1448519697,2025/11/25,584,
1441920148,2025/11/25,642,
1432835499,2025/12/25,662,
1374433876,2025/12/25,612,
1658837765,2025/12/25,646,
1604422434,2025/12/25,662,
1668904419,2025/12/25,668,
1354897551,2025/12/25,660,
1661630971,2025/12/25,660,
0866268057,2025/12/25,770,
1618350952,2025/12/25,734,
1660408489,2025/12/25,656,
1628337240,2025/12/25,728,
1592903120,2025/12/25,650,
1546767969,2025/12/25,728,
1390835944,2025/12/25,756,
1531212641,2025/12/25,686,
1391118695,2025/12/25,730,
1422047185,2025/12/25,880,
1485416379,2025/12/25,766,
1456906465,2025/12/25,746,
1495216723,2025/12/25,796,
1610781174,2025/12/25,688,
1498812946,2025/12/25,832,
1474413099,2025/12/25,706,
1396600768,2025/12/25,688,
1592411410,2025/12/25,700,
1517413925,2025/12/25,690,
1616890382,2025/12/25,778,
1516016745,2025/12/25,812,
1567011973,2025/12/25,662,
1603555027,2025/12/25,572,
0868807315,2025/12/25,794,
1459604030,2025/12/25,714,
1584376826,2025/12/25,788,
1372481558,2025/12/25,740,
1636312185,2025/12/25,618,
1507107049,2025/12/25,770,
1391042143,2025/12/25,784,
1589012996,2025/12/25,630,
1555412867,2025/12/25,718,
1466915952,2025/12/25,716,
1538713066,2025/12/25,668,
1587809628,2025/12/25,670,
1457419407,2025/12/25,602,
1562916754,2025/12/25,614,
1505415825,2025/12/25,544,
1609415905,2025/12/25,716,
0873108377,2025/12/25,632,
1438220947,2025/12/25,774,
1585810879,2025/12/25,670,
1462120800,2025/12/25,676,
1401525192,2025/12/25,696,
1591512699,2025/12/25,618,
1612311676,2025/12/25,652,
1396102170,2025/12/25,614,
1589807998,2025/12/25,598,
1639492396,2025/12/25,652,
1448519697,2025/12/25,628,
1486819971,2025/12/25,592,
1462616662,2025/12/25,754,
1386523183,2025/12/25,568,
1441920148,2025/12/25,670,
1634891743,2025/12/25,616,
1498812731,2025/12/25,724,
1364079961,2025/12/25,688,
1488715240,2025/12/25,588,
1440617872,2025/12/25,640,
1404221367,2025/12/25,730,
1370900877,2025/12/25,668,
1479116179,2025/12/25,638,
1407105398,2025/12/25,624,
1498812656,2025/12/25,766,
1663813280,2025/12/25,542,
1440617261,2025/12/25,558,
0867133958,2025/12/25,612,
1576114511,2025/12/25,632,
1667959342,2025/12/25,578,
1539114756,2025/12/25,628,
1479824036,2025/12/25,548,
1545807871,2025/12/25,650,
1556411968,2025/12/25,578,
1455814884,2025/12/25,712,
1384322863,2025/12/25,646,
1382423890,2025/12/25,716,
1483015284,2025/12/25,690,
1672121154,2025/12/25,570,
1422098743,2025/12/25,614,
1392281794,2025/12/25,650,
0865491401,2025/12/25,586,
1479116001,2025/12/25,606,
1548009500,2025/12/25,710,
1436117034,2025/12/25,582,
1452817116,2025/12/25,658,
1587013056,2025/12/25,636,
0871038355,2025/12/25,664,
1655985643,2025/12/25,560,
1662602755,2025/12/25,616,
1548205773,2025/12/25,,
1617906662,2025/12/25,,
1368848488,2025/12/25,,
1389231092,2025/12/25,,
1458918848,2025/12/25,,
1557411622,2025/12/25,,
1619325508,2025/12/25,,
1569813698,2025/12/25,,
1388426642,2025/12/25,,
0857370370,2025/12/25,,
1486230400,2025/12/25,,
1496217200,2025/12/25,,
1522603441,2025/12/25,,
1468652510,2025/12/25,,
1557625340,2025/12/25,,
1669904760,2025/12/25,584,
0871964913,2025/12/25,620,
1542323848,2025/12/25,570,
1526703550,2025/12/25,,
1502214575,2025/12/25,,
1646107900,2025/12/25,,
1672210056,2025/12/25,,
1386242299,2025/12/25,,
1372832947,2025/12/25,,
1611535196,2025/12/25,,
1669904760,2026/1/23,656,
1542323848,2026/1/23,596,
1658837765,2026/1/23,706,
1628337240,2026/1/23,784,
1592903120,2026/1/23,662,
1390835944,2026/1/23,778,
1531212641,2026/1/23,738,
1456906465,2026/1/23,804,
1495216723,2026/1/23,822,
1610781174,2026/1/23,702,
1498812946,2026/1/23,868,
1474413099,2026/1/23,786,
1396600768,2026/1/23,720,
1592411410,2026/1/23,702,
1517413925,2026/1/23,718,
1616890382,2026/1/23,792,
1516016745,2026/1/23,834,
1567011973,2026/1/23,692,
1603555027,2026/1/23,578,
0868807315,2026/1/23,816,
1459604030,2026/1/23,740,
1584376826,2026/1/23,838,
1372481558,2026/1/23,778,
1636312185,2026/1/23,644,
1507107049,2026/1/23,816,
1391042143,2026/1/23,780,
1589012996,2026/1/23,674,
1555412867,2026/1/23,716,
1466915952,2026/1/23,788,
1538713066,2026/1/23,708,
1587809628,2026/1/23,738,
1457419407,2026/1/23,644,
1562916754,2026/1/23,650,
1505415825,2026/1/23,662,
1609415905,2026/1/23,770,
0873108377,2026/1/23,690,
1438220947,2026/1/23,762,
1585810879,2026/1/23,738,
1462120800,2026/1/23,724,
1591512699,2026/1/23,650,
1612311676,2026/1/23,660,
1396102170,2026/1/23,642,
1589807998,2026/1/23,658,
1639492396,2026/1/23,680,
1448519697,2026/1/23,682,
1486819971,2026/1/23,596,
1462616662,2026/1/23,786,
1441920148,2026/1/23,716,
1634891743,2026/1/23,606,
1498812731,2026/1/23,744,
1364079961,2026/1/23,656,
1488715240,2026/1/23,660,
1440617872,2026/1/23,660,
1404221367,2026/1/23,792,
1370900877,2026/1/23,696,
1479116179,2026/1/23,610,
1407105398,2026/1/23,588,
1498812656,2026/1/23,772,
1663813280,2026/1/23,588,
1440617261,2026/1/23,604,
0867133958,2026/1/23,664,
1576114511,2026/1/23,702,
1667959342,2026/1/23,594,
1539114756,2026/1/23,652,
1479824036,2026/1/23,578,
1545807871,2026/1/23,718,
1556411968,2026/1/23,558,
1455814884,2026/1/23,730,
1384322863,2026/1/23,736,
1382423890,2026/1/23,790,
1483015284,2026/1/23,712,
1672121154,2026/1/23,626,
1422098743,2026/1/23,644,
1392281794,2026/1/23,640,
0865491401,2026/1/23,530,
1479116001,2026/1/23,640,
1548009500,2026/1/23,752,
1436117034,2026/1/23,576,
1452817116,2026/1/23,690,
1587013056,2026/1/23,628,
1496217200,2026/1/23,596,
0871038355,2026/1/23,730,
1522603441,2026/1/23,588,
1526703550,2026/1/23,668,
1655985643,2026/1/23,620,
1468652510,2026/1/23,688,
1557625340,2026/1/23,588,
1662602755,2026/1/23,664,
1548205773,2026/1/23,698,
1617906662,2026/1/23,566,
1368848488,2026/1/23,672,
1389231092,2026/1/23,658,
1458918848,2026/1/23,752,
1557411622,2026/1/23,634,
1619325508,2026/1/23,662,
1569813698,2026/1/23,612,
1388426642,2026/1/23,736,
0857370370,2026/1/23,642,
1486230400,2026/1/23,542,
1502214575,2026/1/23,584,
1646107900,2026/1/23,694,
1672210056,2026/1/23,560,
1386242299,2026/1/23,602,
1372832947,2026/1/23,630,
1611535196,2026/1/23,664,
1643149224,2026/1/23,,
1609750051,2026/1/23,,
1389162891,2026/1/23,,
1408170111,2026/1/23,,
1670200448,2026/1/23,,
1538530526,2026/1/23,,
1448322136,2026/1/23,,
1616313140,2026/1/23,,
0869225712,2026/1/23,,
1415219704,2026/1/23,,
1352191743,2026/1/23,,
1603520216,2026/1/23,,
1406527542,2026/1/23,,
1460221042,2026/1/23,,
1616845092,2026/1/23,,
1668727001,2026/1/23,,
1613004331,2026/1/23,,
1653009860,2026/1/23,,
1388030214,2026/1/23,,
1550813171,2026/1/23,,
1491416257,2026/1/23,,
1633143263,2026/1/23,,
1561915130,2026/1/23,,
0871869119,2026/1/23,,
1685209962,2026/1/23,,
1625007504,2026/1/23,,
1435619850,2026/1/23,,
1584525156,2026/1/23,,
1521212880,2026/1/23,,
1463706157,2026/1/23,,
0870535411,2026/1/23,,
1619809046,2026/1/23,,
